名称,家賃,管理費,家賃+管理費,敷金,礼金,間取り,面積,向き,種別,築年,住所,交通,SUUMOのURL,目的地までの乗り換え数,目的地までの電車時間(分),目的地までの交通機関URL
フェミナ綾瀬 3階,93000,7000,100000,敷9.3万円,礼18.6万円,1LDK,42.07m2,南,マンション,築18年,東京都足立区綾瀬２,東京メトロ千代田線/綾瀬駅 歩1分 or ＪＲ常磐線/綾瀬駅 歩1分,https://suumo.jp/chintai/bc_100275168813/,1,46.0,"https://www.google.com/maps/dir/%E3%80%92120-0005+%E6%9D%B1%E4%BA%AC%E9%83%BD%E8%B6%B3%E7%AB%8B%E5%8C%BA%E7%B6%BE%E7%80%AC%EF%BC%92%E4%B8%81%E7%9B%AE/%E6%9D%B1%E4%BA%AC%E3%83%9D%E3%83%BC%E3%83%88%E3%82%B7%E3%83%86%E3%82%A3%E7%AB%B9%E8%8A%9D%E3%82%AA%E3%83%95%E3%82%A3%E3%82%B9%E3%82%BF%E3%83%AF%E3%83%BC%E3%80%81%E3%80%92105-7590+%E6%9D%B1%E4%BA%AC%E9%83%BD%E6%B8%AF%E5%8C%BA%E6%B5%B7%E5%B2%B8%EF%BC%91%E4%B8%81%E7%9B%AE%EF%BC%97%E2%88%92%EF%BC%91/@35.7087854,139.7223933,12z/data=!3m2!4b1!5s0x60188bcfbd4b558d:0x8a806e1fb049c1b8!4m18!4m17!1m5!1m1!1s0x60188fbb947183b5:0x8762fdb522f5c881!2m2!1d139.8278569!2d35.7600791!1m5!1m1!1s0x60188b7e9c0d08a7:0xe97d025b25f3950f!2m2!1d139.7606699!2d35.6552143!2m3!6e1!7e2!8j1652695200!3e3"
綾瀬レジデンス 3階,88000,10000,98000,敷-,礼-,2DK,44.55m2,西,マンション,築45年,東京都足立区綾瀬３,東京メトロ千代田線/綾瀬駅 歩4分 or つくばエクスプレス/青井駅 歩17分 or 東京メトロ千代田線/北綾瀬駅 歩23分,https://suumo.jp/chintai/bc_100274491480/,1,46.0,"https://www.google.com/maps/dir/%E3%80%92120-0005+%E6%9D%B1%E4%BA%AC%E9%83%BD%E8%B6%B3%E7%AB%8B%E5%8C%BA%E7%B6%BE%E7%80%AC%EF%BC%93%E4%B8%81%E7%9B%AE/%E6%9D%B1%E4%BA%AC%E3%83%9D%E3%83%BC%E3%83%88%E3%82%B7%E3%83%86%E3%82%A3%E7%AB%B9%E8%8A%9D%E3%82%AA%E3%83%95%E3%82%A3%E3%82%B9%E3%82%BF%E3%83%AF%E3%83%BC%E3%80%81%E3%80%92105-7590+%E6%9D%B1%E4%BA%AC%E9%83%BD%E6%B8%AF%E5%8C%BA%E6%B5%B7%E5%B2%B8%EF%BC%91%E4%B8%81%E7%9B%AE%EF%BC%97%E2%88%92%EF%BC%91/@35.7098859,139.7219348,12z/data=!3m2!4b1!5s0x60188bcfbd4b558d:0x8a806e1fb049c1b8!4m18!4m17!1m5!1m1!1s0x60188fb85fdfa247:0xfe126ef75b70c9b7!2m2!1d139.8259381!2d35.7644743!1m5!1m1!1s0x60188b7e9c0d08a7:0xe97d025b25f3950f!2m2!1d139.7606699!2d35.6552143!2m3!6e1!7e2!8j1652695200!3e3"
小菅 1LDK 2階,97000,3000,100000,敷9.7万円,礼9.7万円,1LDK,42.85m2,南東,アパート,築2年,東京都足立区西綾瀬１,東武伊勢崎線/小菅駅 歩5分 or 東京メトロ千代田線/綾瀬駅 歩10分 or 東武伊勢崎線/五反野駅 歩12分,https://suumo.jp/chintai/bc_100272628941/,1,48.0,"https://www.google.com/maps/dir/%E3%80%92120-0014+%E6%9D%B1%E4%BA%AC%E9%83%BD%E8%B6%B3%E7%AB%8B%E5%8C%BA%E8%A5%BF%E7%B6%BE%E7%80%AC%EF%BC%91%E4%B8%81%E7%9B%AE/%E6%9D%B1%E4%BA%AC%E3%83%9D%E3%83%BC%E3%83%88%E3%82%B7%E3%83%86%E3%82%A3%E7%AB%B9%E8%8A%9D%E3%82%AA%E3%83%95%E3%82%A3%E3%82%B9%E3%82%BF%E3%83%AF%E3%83%BC%E3%80%81%E3%80%92105-7590+%E6%9D%B1%E4%BA%AC%E9%83%BD%E6%B8%AF%E5%8C%BA%E6%B5%B7%E5%B2%B8%EF%BC%91%E4%B8%81%E7%9B%AE%EF%BC%97%E2%88%92%EF%BC%91/@35.7087227,139.7197785,12z/data=!3m2!4b1!5s0x60188bcfbd4b558d:0x8a806e1fb049c1b8!4m18!4m17!1m5!1m1!1s0x60188fb59ea689a7:0xcff5fa49e8a0dc8a!2m2!1d139.8153858!2d35.7605353!1m5!1m1!1s0x60188b7e9c0d08a7:0xe97d025b25f3950f!2m2!1d139.7606699!2d35.6552143!2m3!6e1!7e2!8j1652695200!3e3"
反町 1LDK 2階,90000,5000,95000,敷18万円,礼9万円,1LDK,46.2m2,南西,マンション,築31年,神奈川県横浜市神奈川区反町１,東急東横線/反町駅 歩2分 or 京急本線/神奈川駅 歩7分 or ＪＲ京浜東北線/東神奈川駅 歩9分,https://suumo.jp/chintai/bc_100270341103/,0,50.0,"https://www.google.com/maps/dir/%E3%80%92221-0825+%E7%A5%9E%E5%A5%88%E5%B7%9D%E7%9C%8C%E6%A8%AA%E6%B5%9C%E5%B8%82%E7%A5%9E%E5%A5%88%E5%B7%9D%E5%8C%BA%E5%8F%8D%E7%94%BA%EF%BC%91%E4%B8%81%E7%9B%AE/%E6%9D%B1%E4%BA%AC%E3%83%9D%E3%83%BC%E3%83%88%E3%82%B7%E3%83%86%E3%82%A3%E7%AB%B9%E8%8A%9D%E3%82%AA%E3%83%95%E3%82%A3%E3%82%B9%E3%82%BF%E3%83%AF%E3%83%BC%E3%80%81%E3%80%92105-7590+%E6%9D%B1%E4%BA%AC%E9%83%BD%E6%B8%AF%E5%8C%BA%E6%B5%B7%E5%B2%B8%EF%BC%91%E4%B8%81%E7%9B%AE%EF%BC%97%E2%88%92%EF%BC%91/@35.5617675,139.5518755,11z/data=!3m2!4b1!5s0x60188bcfbd4b558d:0x8a806e1fb049c1b8!4m18!4m17!1m5!1m1!1s0x60185c183ced6167:0x7e7748d3117a594!2m2!1d139.6283141!2d35.4747908!1m5!1m1!1s0x60188b7e9c0d08a7:0xe97d025b25f3950f!2m2!1d139.7606699!2d35.6552143!2m3!6e1!7e2!8j1652739006!3e3"
西船橋 1LDK 2階,94000,5000,99000,敷-,礼9.4万円,1LDK,44.21m2,南東,アパート,築11年,千葉県船橋市西船４,ＪＲ総武線/西船橋駅 歩2分 or 京成本線/京成西船駅 歩7分 or 東京メトロ東西線/原木中山駅 歩29分,https://suumo.jp/chintai/bc_100279677163/,1,51.0,"https://www.google.com/maps/dir/%E3%80%92273-0031+%E5%8D%83%E8%91%89%E7%9C%8C%E8%88%B9%E6%A9%8B%E5%B8%82%E8%A5%BF%E8%88%B9%EF%BC%94%E4%B8%81%E7%9B%AE/%E6%9D%B1%E4%BA%AC%E3%83%9D%E3%83%BC%E3%83%88%E3%82%B7%E3%83%86%E3%82%A3%E7%AB%B9%E8%8A%9D%E3%82%AA%E3%83%95%E3%82%A3%E3%82%B9%E3%82%BF%E3%83%AF%E3%83%BC%E3%80%81%E3%80%92105-7590+%E6%9D%B1%E4%BA%AC%E9%83%BD%E6%B8%AF%E5%8C%BA%E6%B5%B7%E5%B2%B8%EF%BC%91%E4%B8%81%E7%9B%AE%EF%BC%97%E2%88%92%EF%BC%91/@35.695616,139.7875083,12z/data=!3m2!4b1!5s0x60188bcfbd4b558d:0x8a806e1fb049c1b8!4m18!4m17!1m5!1m1!1s0x601880eb25e13a0f:0x1f63a2429971e8d8!2m2!1d139.9604033!2d35.7079145!1m5!1m1!1s0x60188b7e9c0d08a7:0xe97d025b25f3950f!2m2!1d139.7606699!2d35.6552143!2m3!6e1!7e2!8j1652739758!3e3"
ソレイユメゾン　南流山 3階,93000,6000,99000,敷9.3万円,礼9.3万円,1LDK,45.02m2,-,マンション,新築,千葉県流山市鰭ケ崎,ＪＲ武蔵野線/南流山駅 歩14分 or つくばエクスプレス/南流山駅 歩14分 or 流鉄流山線/鰭ヶ崎駅 歩5分,https://suumo.jp/chintai/bc_100260779356/,1,52.0,"https://www.google.com/maps/dir/%E9%B0%AD%E3%82%B1%E5%B4%8E%E3%80%81%E3%80%92270-0161+%E5%8D%83%E8%91%89%E7%9C%8C%E6%B5%81%E5%B1%B1%E5%B8%82/%E6%9D%B1%E4%BA%AC%E3%83%9D%E3%83%BC%E3%83%88%E3%82%B7%E3%83%86%E3%82%A3%E7%AB%B9%E8%8A%9D%E3%82%AA%E3%83%95%E3%82%A3%E3%82%B9%E3%82%BF%E3%83%AF%E3%83%BC%E3%80%81%E3%80%92105-7590+%E6%9D%B1%E4%BA%AC%E9%83%BD%E6%B8%AF%E5%8C%BA%E6%B5%B7%E5%B2%B8%EF%BC%91%E4%B8%81%E7%9B%AE%EF%BC%97%E2%88%92%EF%BC%91/@35.7379048,139.722564,11z/data=!3m2!4b1!5s0x60188bcfbd4b558d:0x8a806e1fb049c1b8!4m18!4m17!1m5!1m1!1s0x60189b10d17b4d09:0xb485017925d01e9!2m2!1d139.9097834!2d35.8410355!1m5!1m1!1s0x60188b7e9c0d08a7:0xe97d025b25f3950f!2m2!1d139.7606699!2d35.6552143!2m3!6e1!7e2!8j1652739596!3e3"
ザ・サバービア４１２ 8階,88000,8000,96000,敷-,礼8.8万円,1LDK,42.61m2,北東,マンション,築12年,千葉県流山市南流山１,つくばエクスプレス/南流山駅 歩2分 or ＪＲ常磐線/新松戸駅 歩29分 or 流鉄流山線/鰭ヶ崎駅 歩10分,https://suumo.jp/chintai/bc_100279119383/,1,52.0,"https://www.google.com/maps/dir/%E3%80%92270-0163+%E5%8D%83%E8%91%89%E7%9C%8C%E6%B5%81%E5%B1%B1%E5%B8%82%E5%8D%97%E6%B5%81%E5%B1%B1%EF%BC%91%E4%B8%81%E7%9B%AE/%E6%9D%B1%E4%BA%AC%E3%83%9D%E3%83%BC%E3%83%88%E3%82%B7%E3%83%86%E3%82%A3%E7%AB%B9%E8%8A%9D%E3%82%AA%E3%83%95%E3%82%A3%E3%82%B9%E3%82%BF%E3%83%AF%E3%83%BC%E3%80%81%E3%80%92105-7590+%E6%9D%B1%E4%BA%AC%E9%83%BD%E6%B8%AF%E5%8C%BA%E6%B5%B7%E5%B2%B8%EF%BC%91%E4%B8%81%E7%9B%AE%EF%BC%97%E2%88%92%EF%BC%91/@35.7660582,139.6782568,11z/data=!3m2!4b1!5s0x60188bcfbd4b558d:0x8a806e1fb049c1b8!4m18!4m17!1m5!1m1!1s0x60189b1746bbb6cf:0x59c82650d1f4601!2m2!1d139.906581!2d35.838035!1m5!1m1!1s0x60188b7e9c0d08a7:0xe97d025b25f3950f!2m2!1d139.7606699!2d35.6552143!2m3!6e1!7e2!8j1652738861!3e3"
グランドゥールIII 3階,93000,5000,98000,敷-,礼9.3万円,1LDK,43.71m2,南西,アパート,築14年,千葉県流山市前平井,つくばエクスプレス/流山セントラルパーク駅 歩3分 or つくばエクスプレス/南流山駅 歩28分 or つくばエクスプレス/流山おおたかの森駅 歩29分,https://suumo.jp/chintai/bc_100280064007/,1,55.0,"https://www.google.com/maps/dir/%E5%89%8D%E5%B9%B3%E4%BA%95%E3%80%81%E3%80%92270-0152+%E5%8D%83%E8%91%89%E7%9C%8C%E6%B5%81%E5%B1%B1%E5%B8%82/%E6%9D%B1%E4%BA%AC%E3%83%9D%E3%83%BC%E3%83%88%E3%82%B7%E3%83%86%E3%82%A3%E7%AB%B9%E8%8A%9D%E3%82%AA%E3%83%95%E3%82%A3%E3%82%B9%E3%82%BF%E3%83%AF%E3%83%BC%E3%80%81%E3%80%92105-7590+%E6%9D%B1%E4%BA%AC%E9%83%BD%E6%B8%AF%E5%8C%BA%E6%B5%B7%E5%B2%B8%EF%BC%91%E4%B8%81%E7%9B%AE%EF%BC%97%E2%88%92%EF%BC%91/@35.7549712,139.6960651,11z/data=!3m2!4b1!5s0x60188bcfbd4b558d:0x8a806e1fb049c1b8!4m18!4m17!1m5!1m1!1s0x60189b0ac39f2a33:0x3fb36cfb4662de8c!2m2!1d139.9145872!2d35.8541401!1m5!1m1!1s0x60188b7e9c0d08a7:0xe97d025b25f3950f!2m2!1d139.7606699!2d35.6552143!2m3!6e1!7e2!8j1652739575!3e3"
グランドゥールIII 3階,93000,6000,99000,敷-,礼9.3万円,1LDK,43.71m2,南西,アパート,築14年,千葉県流山市前平井,つくばエクスプレス/流山セントラルパーク駅 歩3分 or つくばエクスプレス/南流山駅 歩29分 or ＪＲ武蔵野線/南流山駅 歩29分,https://suumo.jp/chintai/bc_100280012204/,1,55.0,"https://www.google.com/maps/dir/%E5%89%8D%E5%B9%B3%E4%BA%95%E3%80%81%E3%80%92270-0152+%E5%8D%83%E8%91%89%E7%9C%8C%E6%B5%81%E5%B1%B1%E5%B8%82/%E6%9D%B1%E4%BA%AC%E3%83%9D%E3%83%BC%E3%83%88%E3%82%B7%E3%83%86%E3%82%A3%E7%AB%B9%E8%8A%9D%E3%82%AA%E3%83%95%E3%82%A3%E3%82%B9%E3%82%BF%E3%83%AF%E3%83%BC%E3%80%81%E3%80%92105-7590+%E6%9D%B1%E4%BA%AC%E9%83%BD%E6%B8%AF%E5%8C%BA%E6%B5%B7%E5%B2%B8%EF%BC%91%E4%B8%81%E7%9B%AE%EF%BC%97%E2%88%92%EF%BC%91/@35.7549712,139.6960651,11z/data=!3m2!4b1!5s0x60188bcfbd4b558d:0x8a806e1fb049c1b8!4m18!4m17!1m5!1m1!1s0x60189b0ac39f2a33:0x3fb36cfb4662de8c!2m2!1d139.9145872!2d35.8541401!1m5!1m1!1s0x60188b7e9c0d08a7:0xe97d025b25f3950f!2m2!1d139.7606699!2d35.6552143!2m3!6e1!7e2!8j1652739617!3e3"
東神奈川 2DK 3階,89000,7000,96000,敷8.9万円,礼8.9万円,2DK,41.2m2,南西,マンション,築26年,神奈川県横浜市神奈川区西神奈川３,ＪＲ京浜東北線/東神奈川駅 歩11分 or 東急東横線/東白楽駅 歩5分 or 東急東横線/白楽駅 歩10分,https://suumo.jp/chintai/bc_100280843046/,0,55.0,"https://www.google.com/maps/dir/%E3%80%92221-0822+%E7%A5%9E%E5%A5%88%E5%B7%9D%E7%9C%8C%E6%A8%AA%E6%B5%9C%E5%B8%82%E7%A5%9E%E5%A5%88%E5%B7%9D%E5%8C%BA%E8%A5%BF%E7%A5%9E%E5%A5%88%E5%B7%9D%EF%BC%93%E4%B8%81%E7%9B%AE/%E6%9D%B1%E4%BA%AC%E3%83%9D%E3%83%BC%E3%83%88%E3%82%B7%E3%83%86%E3%82%A3%E7%AB%B9%E8%8A%9D%E3%82%AA%E3%83%95%E3%82%A3%E3%82%B9%E3%82%BF%E3%83%AF%E3%83%BC%E3%80%81%E3%80%92105-7590+%E6%9D%B1%E4%BA%AC%E9%83%BD%E6%B8%AF%E5%8C%BA%E6%B5%B7%E5%B2%B8%EF%BC%91%E4%B8%81%E7%9B%AE%EF%BC%97%E2%88%92%EF%BC%91/@35.5612814,139.5497137,11z/data=!3m2!4b1!5s0x60188bcfbd4b558d:0x8a806e1fb049c1b8!4m18!4m17!1m5!1m1!1s0x60185ea10f288d07:0x27ea74c44ab6f751!2m2!1d139.6270392!2d35.4863428!1m5!1m1!1s0x60188b7e9c0d08a7:0xe97d025b25f3950f!2m2!1d139.7606699!2d35.6552143!2m3!6e1!7e2!8j1652738931!3e3"
Sophia　Grace 7階,93000,6000,99000,敷9.3万円,礼9.3万円,1LDK,43.71m2,南,マンション,築9年,千葉県鎌ヶ谷市新鎌ケ谷１,北総線/新鎌ケ谷駅 歩4分 or 新京成線/初富駅 歩11分 or 北総線/大町駅 歩41分,https://suumo.jp/chintai/bc_100281092569/,0,56.0,"https://www.google.com/maps/dir/%E3%80%92273-0107+%E5%8D%83%E8%91%89%E7%9C%8C%E9%8E%8C%E3%82%B1%E8%B0%B7%E5%B8%82%E6%96%B0%E9%8E%8C%E3%82%B1%E8%B0%B7%EF%BC%91%E4%B8%81%E7%9B%AE/%E6%9D%B1%E4%BA%AC%E3%83%9D%E3%83%BC%E3%83%88%E3%82%B7%E3%83%86%E3%82%A3%E7%AB%B9%E8%8A%9D%E3%82%AA%E3%83%95%E3%82%A3%E3%82%B9%E3%82%BF%E3%83%AF%E3%83%BC%E3%80%81%E3%80%92105-7590+%E6%9D%B1%E4%BA%AC%E9%83%BD%E6%B8%AF%E5%8C%BA%E6%B5%B7%E5%B2%B8%EF%BC%91%E4%B8%81%E7%9B%AE%EF%BC%97%E2%88%92%EF%BC%91/@35.7298185,139.7370707,11z/data=!3m1!5s0x60188bcfbd4b558d:0x8a806e1fb049c1b8!4m18!4m17!1m5!1m1!1s0x6018821ff7c32121:0xeea11eaad77f528b!2m2!1d139.9988774!2d35.7772495!1m5!1m1!1s0x60188b7e9c0d08a7:0xe97d025b25f3950f!2m2!1d139.7606699!2d35.6552143!2m3!6e1!7e2!8j1652695200!3e3"
山手 2LDK 3階,98000,0,98000,敷9.8万円,礼9.8万円,2LDK,48.6m2,南,マンション,築49年,神奈川県横浜市中区仲尾台,ＪＲ京浜東北線/山手駅 歩1分 or ＪＲ京浜東北線/石川町駅 歩22分 or みなとみらい線/元町・中華街駅 歩28分,https://suumo.jp/chintai/bc_100272643492/,0,56.0,"https://www.google.com/maps/dir/%E4%BB%B2%E5%B0%BE%E5%8F%B0%E3%80%81%E3%80%92231-0839+%E7%A5%9E%E5%A5%88%E5%B7%9D%E7%9C%8C%E6%A8%AA%E6%B5%9C%E5%B8%82%E4%B8%AD%E5%8C%BA/%E6%9D%B1%E4%BA%AC%E3%83%9D%E3%83%BC%E3%83%88%E3%82%B7%E3%83%86%E3%82%A3%E7%AB%B9%E8%8A%9D%E3%82%AA%E3%83%95%E3%82%A3%E3%82%B9%E3%82%BF%E3%83%AF%E3%83%BC%E3%80%81%E3%80%92105-7590+%E6%9D%B1%E4%BA%AC%E9%83%BD%E6%B8%AF%E5%8C%BA%E6%B5%B7%E5%B2%B8%EF%BC%91%E4%B8%81%E7%9B%AE%EF%BC%97%E2%88%92%EF%BC%91/@35.5411232,139.5509633,11z/data=!3m1!5s0x60188bcfbd4b558d:0x8a806e1fb049c1b8!4m18!4m17!1m5!1m1!1s0x60185cd0983b237f:0xcdada2454bd64688!2m2!1d139.6442527!2d35.4254426!1m5!1m1!1s0x60188b7e9c0d08a7:0xe97d025b25f3950f!2m2!1d139.7606699!2d35.6552143!2m3!6e1!7e2!8j1652695200!3e3"
ナカムラビルヂング 2階,92000,8000,100000,敷7万円,礼13.8万円,2LDK,55.88m2,南西,マンション,築20年,埼玉県川口市南鳩ヶ谷３,埼玉高速鉄道/南鳩ヶ谷駅 歩4分 or 埼玉高速鉄道/鳩ヶ谷駅 歩22分 or ＪＲ京浜東北線/川口駅 歩22分,https://suumo.jp/chintai/bc_100280288332/,1,57.0,"https://www.google.com/maps/dir/%E3%80%92334-0013+%E5%9F%BC%E7%8E%89%E7%9C%8C%E5%B7%9D%E5%8F%A3%E5%B8%82%E5%8D%97%E9%B3%A9%E3%83%B6%E8%B0%B7%EF%BC%93%E4%B8%81%E7%9B%AE/%E6%9D%B1%E4%BA%AC%E3%83%9D%E3%83%BC%E3%83%88%E3%82%B7%E3%83%86%E3%82%A3%E7%AB%B9%E8%8A%9D%E3%82%AA%E3%83%95%E3%82%A3%E3%82%B9%E3%82%BF%E3%83%AF%E3%83%BC%E3%80%81%E3%80%92105-7590+%E6%9D%B1%E4%BA%AC%E9%83%BD%E6%B8%AF%E5%8C%BA%E6%B5%B7%E5%B2%B8%EF%BC%91%E4%B8%81%E7%9B%AE%EF%BC%97%E2%88%92%EF%BC%91/@35.7365244,139.6720077,12z/data=!3m2!4b1!5s0x60188bcfbd4b558d:0x8a806e1fb049c1b8!4m18!4m17!1m5!1m1!1s0x60189385a3bd98f3:0x3a9b750ba9fca586!2m2!1d139.7402946!2d35.8161144!1m5!1m1!1s0x60188b7e9c0d08a7:0xe97d025b25f3950f!2m2!1d139.7606699!2d35.6552143!2m3!6e1!7e2!8j1652695200!3e3"
流山セントラルパーク 1LDK 3階,93000,6000,99000,敷-,礼9.3万円,1LDK,42m2,南,アパート,築15年,千葉県流山市後平井,つくばエクスプレス/流山セントラルパーク駅 歩3分 or 流鉄流山線/流山駅 歩18分 or つくばエクスプレス/流山おおたかの森駅 歩29分,https://suumo.jp/chintai/bc_100280012000/,1,58.0,"https://www.google.com/maps/dir/%E5%BE%8C%E5%B9%B3%E4%BA%95%E3%80%81%E3%80%92270-0151+%E5%8D%83%E8%91%89%E7%9C%8C%E6%B5%81%E5%B1%B1%E5%B8%82/%E6%9D%B1%E4%BA%AC%E3%83%9D%E3%83%BC%E3%83%88%E3%82%B7%E3%83%86%E3%82%A3%E7%AB%B9%E8%8A%9D%E3%82%AA%E3%83%95%E3%82%A3%E3%82%B9%E3%82%BF%E3%83%AF%E3%83%BC%E3%80%81%E3%80%92105-7590+%E6%9D%B1%E4%BA%AC%E9%83%BD%E6%B8%AF%E5%8C%BA%E6%B5%B7%E5%B2%B8%EF%BC%91%E4%B8%81%E7%9B%AE%EF%BC%97%E2%88%92%EF%BC%91/@35.7559928,139.6955949,11z/data=!3m2!4b1!5s0x60188bcfbd4b558d:0x8a806e1fb049c1b8!4m18!4m17!1m5!1m1!1s0x60189ba0251bce7b:0x894778e4977e00a5!2m2!1d139.915548!2d35.8565314!1m5!1m1!1s0x60188b7e9c0d08a7:0xe97d025b25f3950f!2m2!1d139.7606699!2d35.6552143!2m3!6e1!7e2!8j1652695200!3e3"
北綾瀬 2DK 4階,90000,5000,95000,敷-,礼-,2DK,47.4m2,南,マンション,築24年,東京都足立区谷中４,東京メトロ千代田線/北綾瀬駅 歩5分 or つくばエクスプレス/六町駅 歩18分 or つくばエクスプレス/青井駅 歩25分,https://suumo.jp/chintai/bc_100281091610/,1,58.0,"https://www.google.com/maps/dir/%E3%80%92120-0006+%E6%9D%B1%E4%BA%AC%E9%83%BD%E8%B6%B3%E7%AB%8B%E5%8C%BA%E8%B0%B7%E4%B8%AD%EF%BC%94%E4%B8%81%E7%9B%AE/%E6%9D%B1%E4%BA%AC%E3%83%9D%E3%83%BC%E3%83%88%E3%82%B7%E3%83%86%E3%82%A3%E7%AB%B9%E8%8A%9D%E3%82%AA%E3%83%95%E3%82%A3%E3%82%B9%E3%82%BF%E3%83%AF%E3%83%BC%E3%80%81%E3%80%92105-7590+%E6%9D%B1%E4%BA%AC%E9%83%BD%E6%B8%AF%E5%8C%BA%E6%B5%B7%E5%B2%B8%EF%BC%91%E4%B8%81%E7%9B%AE%EF%BC%97%E2%88%92%EF%BC%91/@35.7203115,139.7251715,12z/data=!3m1!5s0x60188bcfbd4b558d:0x8a806e1fb049c1b8!4m18!4m17!1m5!1m1!1s0x60188fde63eb7fbb:0xc4e3618e86183c04!2m2!1d139.8323344!2d35.7819502!1m5!1m1!1s0x60188b7e9c0d08a7:0xe97d025b25f3950f!2m2!1d139.7606699!2d35.6552143!2m3!6e1!7e2!8j1652695200!3e3"
Ｙａｍａｔｏ海神駅前 2階,91000,5000,96000,敷9.1万円,礼9.1万円,1LDK,40.16m2,東,マンション,築3年,千葉県船橋市海神６,京成本線/海神駅 歩1分 or ＪＲ総武線/西船橋駅 歩19分,https://suumo.jp/chintai/bc_100281267968/,1,61.0,"https://www.google.com/maps/dir/%E3%80%92273-0021+%E5%8D%83%E8%91%89%E7%9C%8C%E8%88%B9%E6%A9%8B%E5%B8%82%E6%B5%B7%E7%A5%9E%EF%BC%96%E4%B8%81%E7%9B%AE/%E6%9D%B1%E4%BA%AC%E3%83%9D%E3%83%BC%E3%83%88%E3%82%B7%E3%83%86%E3%82%A3%E7%AB%B9%E8%8A%9D%E3%82%AA%E3%83%95%E3%82%A3%E3%82%B9%E3%82%BF%E3%83%AF%E3%83%BC%E3%80%81%E3%80%92105-7590+%E6%9D%B1%E4%BA%AC%E9%83%BD%E6%B8%AF%E5%8C%BA%E6%B5%B7%E5%B2%B8%EF%BC%91%E4%B8%81%E7%9B%AE%EF%BC%97%E2%88%92%EF%BC%91/@35.7032111,139.8001982,12z/data=!3m2!4b1!5s0x60188bcfbd4b558d:0x8a806e1fb049c1b8!4m18!4m17!1m5!1m1!1s0x6018808f159c6d87:0xd83675412ba67b49!2m2!1d139.9706607!2d35.7051007!1m5!1m1!1s0x60188b7e9c0d08a7:0xe97d025b25f3950f!2m2!1d139.7606699!2d35.6552143!2m3!6e1!7e2!8j1652739300!3e3"
コトブキヤ　メゾン　ラ　プリムール 5階,96000,4000,100000,敷-,礼9.6万円,1LDK,40.16m2,西,マンション,築13年,神奈川県横浜市港北区日吉本町３,グリーンライン/日吉本町駅 歩5分 or 東急東横線/日吉駅 歩14分 or 東急東横線/綱島駅 歩23分,https://suumo.jp/chintai/bc_100280207273/,1,61.0,"https://www.google.com/maps/dir/%E3%80%92223-0062+%E7%A5%9E%E5%A5%88%E5%B7%9D%E7%9C%8C%E6%A8%AA%E6%B5%9C%E5%B8%82%E6%B8%AF%E5%8C%97%E5%8C%BA%E6%97%A5%E5%90%89%E6%9C%AC%E7%94%BA%EF%BC%93%E4%B8%81%E7%9B%AE/%E6%9D%B1%E4%BA%AC%E3%83%9D%E3%83%BC%E3%83%88%E3%82%B7%E3%83%86%E3%82%A3%E7%AB%B9%E8%8A%9D%E3%82%AA%E3%83%95%E3%82%A3%E3%82%B9%E3%82%BF%E3%83%AF%E3%83%BC%E3%80%81%E3%80%92105-7590+%E6%9D%B1%E4%BA%AC%E9%83%BD%E6%B8%AF%E5%8C%BA%E6%B5%B7%E5%B2%B8%EF%BC%91%E4%B8%81%E7%9B%AE%EF%BC%97%E2%88%92%EF%BC%91/@35.6027602,139.6270828,12z/data=!3m2!4b1!5s0x60188bcfbd4b558d:0x8a806e1fb049c1b8!4m18!4m17!1m5!1m1!1s0x60185f6f1138a74d:0x3f9d59c807d20af3!2m2!1d139.6381955!2d35.5491163!1m5!1m1!1s0x60188b7e9c0d08a7:0xe97d025b25f3950f!2m2!1d139.7606699!2d35.6552143!2m3!6e1!7e2!8j1652695200!3e3"
阪東橋 2DK 5階,95000,5000,100000,敷-,礼-,2DK,56.43m2,南東,マンション,築38年,神奈川県横浜市南区高根町３,ブルーライン/阪東橋駅 歩1分 or 京急本線/黄金町駅 歩7分 or ブルーライン/吉野町駅 歩10分,https://suumo.jp/chintai/bc_100277828276/,1,61.0,"https://www.google.com/maps/dir/%E3%80%92232-0022+%E7%A5%9E%E5%A5%88%E5%B7%9D%E7%9C%8C%E6%A8%AA%E6%B5%9C%E5%B8%82%E5%8D%97%E5%8C%BA%E9%AB%98%E6%A0%B9%E7%94%BA%EF%BC%93%E4%B8%81%E7%9B%AE/%E6%9D%B1%E4%BA%AC%E3%83%9D%E3%83%BC%E3%83%88%E3%82%B7%E3%83%86%E3%82%A3%E7%AB%B9%E8%8A%9D%E3%82%AA%E3%83%95%E3%82%A3%E3%82%B9%E3%82%BF%E3%83%AF%E3%83%BC%E3%80%81%E3%80%92105-7590+%E6%9D%B1%E4%BA%AC%E9%83%BD%E6%B8%AF%E5%8C%BA%E6%B5%B7%E5%B2%B8%EF%BC%91%E4%B8%81%E7%9B%AE%EF%BC%97%E2%88%92%EF%BC%91/@35.5464811,139.5495488,11z/data=!3m2!4b1!5s0x60188bcfbd4b558d:0x8a806e1fb049c1b8!4m18!4m17!1m5!1m1!1s0x60185c8dfeec66a9:0x22df8b6aec0d6dd2!2m2!1d139.6251268!2d35.4361583!1m5!1m1!1s0x60188b7e9c0d08a7:0xe97d025b25f3950f!2m2!1d139.7606699!2d35.6552143!2m3!6e1!7e2!8j1652739985!3e3"
宮前平 2DK 2階,94000,3000,97000,敷9.4万円,礼9.4万円,2DK,46.62m2,南,マンション,築31年,神奈川県川崎市宮前区小台２,東急田園都市線/宮前平駅 歩4分 or 東急田園都市線/鷺沼駅 歩12分 or 東急田園都市線/宮崎台駅 歩17分,https://suumo.jp/chintai/bc_100281685643/,1,62.0,"https://www.google.com/maps/dir/%E3%80%92216-0007+%E7%A5%9E%E5%A5%88%E5%B7%9D%E7%9C%8C%E5%B7%9D%E5%B4%8E%E5%B8%82%E5%AE%AE%E5%89%8D%E5%8C%BA%E5%B0%8F%E5%8F%B0%EF%BC%92%E4%B8%81%E7%9B%AE/%E6%9D%B1%E4%BA%AC%E3%83%9D%E3%83%BC%E3%83%88%E3%82%B7%E3%83%86%E3%82%A3%E7%AB%B9%E8%8A%9D%E3%82%AA%E3%83%95%E3%82%A3%E3%82%B9%E3%82%BF%E3%83%AF%E3%83%BC%E3%80%81%E3%80%92105-7590+%E6%9D%B1%E4%BA%AC%E9%83%BD%E6%B8%AF%E5%8C%BA%E6%B5%B7%E5%B2%B8%EF%BC%91%E4%B8%81%E7%9B%AE%EF%BC%97%E2%88%92%EF%BC%91/@35.6279956,139.6009645,12z/data=!3m2!4b1!5s0x60188bcfbd4b558d:0x8a806e1fb049c1b8!4m18!4m17!1m5!1m1!1s0x6018f6f1a85b45d3:0xcc54e037ea08b51a!2m2!1d139.5821163!2d35.5827795!1m5!1m1!1s0x60188b7e9c0d08a7:0xe97d025b25f3950f!2m2!1d139.7606699!2d35.6552143!2m3!6e1!7e2!8j1652739722!3e3"
サニーフォレスト藤原参番館 2階,87000,8000,95000,敷8.7万円,礼-,2DK,53.1m2,南,マンション,築20年,千葉県船橋市藤原１,ＪＲ武蔵野線/船橋法典駅 歩3分 or 京成本線/京成西船駅 バス15分 (バス停)藤原町 歩9分 or 東武野田線/塚田駅 歩30分,https://suumo.jp/chintai/bc_100280627727/,1,62.0,"https://www.google.com/maps/dir/%E3%80%92273-0047+%E5%8D%83%E8%91%89%E7%9C%8C%E8%88%B9%E6%A9%8B%E5%B8%82%E8%97%A4%E5%8E%9F%EF%BC%91%E4%B8%81%E7%9B%AE/%E6%9D%B1%E4%BA%AC%E3%83%9D%E3%83%BC%E3%83%88%E3%82%B7%E3%83%86%E3%82%A3%E7%AB%B9%E8%8A%9D%E3%82%AA%E3%83%95%E3%82%A3%E3%82%B9%E3%82%BF%E3%83%AF%E3%83%BC%E3%80%81%E3%80%92105-7590+%E6%9D%B1%E4%BA%AC%E9%83%BD%E6%B8%AF%E5%8C%BA%E6%B5%B7%E5%B2%B8%EF%BC%91%E4%B8%81%E7%9B%AE%EF%BC%97%E2%88%92%EF%BC%91/@35.7129987,139.7914481,12z/data=!3m2!4b1!5s0x60188bcfbd4b558d:0x8a806e1fb049c1b8!4m18!4m17!1m5!1m1!1s0x6018811c3f939265:0xc5f13c79c3e9ec87!2m2!1d139.9636086!2d35.7316049!1m5!1m1!1s0x60188b7e9c0d08a7:0xe97d025b25f3950f!2m2!1d139.7606699!2d35.6552143!2m3!6e1!7e2!8j1652738801!3e3"
サニーフォレスト藤原参番館 2階,87000,8000,95000,敷8.7万円,礼-,2DK,54.26m2,南,マンション,築20年,千葉県船橋市藤原１,ＪＲ武蔵野線/船橋法典駅 歩3分 or 東武野田線/塚田駅 歩28分 or ＪＲ総武線/西船橋駅 歩40分,https://suumo.jp/chintai/bc_100280441221/,1,62.0,"https://www.google.com/maps/dir/%E3%80%92273-0047+%E5%8D%83%E8%91%89%E7%9C%8C%E8%88%B9%E6%A9%8B%E5%B8%82%E8%97%A4%E5%8E%9F%EF%BC%91%E4%B8%81%E7%9B%AE/%E6%9D%B1%E4%BA%AC%E3%83%9D%E3%83%BC%E3%83%88%E3%82%B7%E3%83%86%E3%82%A3%E7%AB%B9%E8%8A%9D%E3%82%AA%E3%83%95%E3%82%A3%E3%82%B9%E3%82%BF%E3%83%AF%E3%83%BC%E3%80%81%E3%80%92105-7590+%E6%9D%B1%E4%BA%AC%E9%83%BD%E6%B8%AF%E5%8C%BA%E6%B5%B7%E5%B2%B8%EF%BC%91%E4%B8%81%E7%9B%AE%EF%BC%97%E2%88%92%EF%BC%91/@35.7129987,139.7914481,12z/data=!3m1!5s0x60188bcfbd4b558d:0x8a806e1fb049c1b8!4m18!4m17!1m5!1m1!1s0x6018811c3f939265:0xc5f13c79c3e9ec87!2m2!1d139.9636086!2d35.7316049!1m5!1m1!1s0x60188b7e9c0d08a7:0xe97d025b25f3950f!2m2!1d139.7606699!2d35.6552143!2m3!6e1!7e2!8j1652695200!3e3"
南太田 2DK 6階,90000,7000,97000,敷9万円,礼9万円,2DK,43.69m2,南,マンション,築32年,神奈川県横浜市南区宮元町２,京急本線/南太田駅 歩10分 or ブルーライン/蒔田駅 歩4分 or ＪＲ京浜東北線/桜木町駅 歩35分,https://suumo.jp/chintai/bc_100263773792/,1,63.0,"https://www.google.com/maps/dir/%E3%80%92232-0016+%E7%A5%9E%E5%A5%88%E5%B7%9D%E7%9C%8C%E6%A8%AA%E6%B5%9C%E5%B8%82%E5%8D%97%E5%8C%BA%E5%AE%AE%E5%85%83%E7%94%BA%EF%BC%92%E4%B8%81%E7%9B%AE/%E6%9D%B1%E4%BA%AC%E3%83%9D%E3%83%BC%E3%83%88%E3%82%B7%E3%83%86%E3%82%A3%E7%AB%B9%E8%8A%9D%E3%82%AA%E3%83%95%E3%82%A3%E3%82%B9%E3%82%BF%E3%83%AF%E3%83%BC%E3%80%81%E3%80%92105-7590+%E6%9D%B1%E4%BA%AC%E9%83%BD%E6%B8%AF%E5%8C%BA%E6%B5%B7%E5%B2%B8%EF%BC%91%E4%B8%81%E7%9B%AE%EF%BC%97%E2%88%92%EF%BC%91/@35.5435595,139.5452223,11z/data=!3m2!4b1!5s0x60188bcfbd4b558d:0x8a806e1fb049c1b8!4m18!4m17!1m5!1m1!1s0x60185c82d39e781b:0x7b8be445d4e0a368!2m2!1d139.6123797!2d35.4316117!1m5!1m1!1s0x60188b7e9c0d08a7:0xe97d025b25f3950f!2m2!1d139.7606699!2d35.6552143!2m3!6e1!7e2!8j1652739157!3e3"
セントラル流桜 2階,94000,6000,100000,敷9.4万円,礼-,1LDK,47.03m2,南,マンション,築16年,千葉県流山市前平井,つくばエクスプレス/流山セントラルパーク駅 歩1分 or 流鉄流山線/流山駅 歩15分 or ＪＲ武蔵野線/南流山駅 バス15分 (バス停)流山セントラルパーク駅 歩1分,https://suumo.jp/chintai/bc_100281408276/,1,63.0,"https://www.google.com/maps/dir/%E5%89%8D%E5%B9%B3%E4%BA%95%E3%80%81%E3%80%92270-0152+%E5%8D%83%E8%91%89%E7%9C%8C%E6%B5%81%E5%B1%B1%E5%B8%82/%E6%9D%B1%E4%BA%AC%E3%83%9D%E3%83%BC%E3%83%88%E3%82%B7%E3%83%86%E3%82%A3%E7%AB%B9%E8%8A%9D%E3%82%AA%E3%83%95%E3%82%A3%E3%82%B9%E3%82%BF%E3%83%AF%E3%83%BC%E3%80%81%E3%80%92105-7590+%E6%9D%B1%E4%BA%AC%E9%83%BD%E6%B8%AF%E5%8C%BA%E6%B5%B7%E5%B2%B8%EF%BC%91%E4%B8%81%E7%9B%AE%EF%BC%97%E2%88%92%EF%BC%91/@35.7549712,139.6954072,11z/data=!3m2!4b1!5s0x60188bcfbd4b558d:0x8a806e1fb049c1b8!4m18!4m17!1m5!1m1!1s0x60189b0ac39f2a33:0x3fb36cfb4662de8c!2m2!1d139.9145872!2d35.8541401!1m5!1m1!1s0x60188b7e9c0d08a7:0xe97d025b25f3950f!2m2!1d139.7606699!2d35.6552143!2m3!6e1!7e2!8j1652739869!3e3"
ヒルズ安藤 2階,94000,5000,99000,敷9.4万円,礼9.4万円,2DK,48.01m2,南西,マンション,築17年,神奈川県川崎市多摩区菅稲田堤１,京王相模原線/京王稲田堤駅 歩2分 or ＪＲ南武線/稲田堤駅 歩2分 or ＪＲ南武線/矢野口駅 歩19分,https://suumo.jp/chintai/bc_100277595709/,1,64.0,"https://www.google.com/maps/dir/%E3%80%92214-0003+%E7%A5%9E%E5%A5%88%E5%B7%9D%E7%9C%8C%E5%B7%9D%E5%B4%8E%E5%B8%82%E5%A4%9A%E6%91%A9%E5%8C%BA%E8%8F%85%E7%A8%B2%E7%94%B0%E5%A0%A4%EF%BC%91%E4%B8%81%E7%9B%AE/%E6%9D%B1%E4%BA%AC%E3%83%9D%E3%83%BC%E3%83%88%E3%82%B7%E3%83%86%E3%82%A3%E7%AB%B9%E8%8A%9D%E3%82%AA%E3%83%95%E3%82%A3%E3%82%B9%E3%82%BF%E3%83%AF%E3%83%BC%E3%80%81%E3%80%92105-7590+%E6%9D%B1%E4%BA%AC%E9%83%BD%E6%B8%AF%E5%8C%BA%E6%B5%B7%E5%B2%B8%EF%BC%91%E4%B8%81%E7%9B%AE%EF%BC%97%E2%88%92%EF%BC%91/@35.6087455,139.5763527,12z/data=!3m2!4b1!5s0x60188bcfbd4b558d:0x8a806e1fb049c1b8!4m18!4m17!1m5!1m1!1s0x6018f07b764bade5:0x754c10092beb7622!2m2!1d139.5350001!2d35.6348571!1m5!1m1!1s0x60188b7e9c0d08a7:0xe97d025b25f3950f!2m2!1d139.7606699!2d35.6552143!2m3!6e1!7e2!8j1652695200!3e3"
アートレジデンス川口 2階,87000,10000,97000,敷8.7万円,礼8.7万円,1LDK,40.12m2,南,マンション,築5年,埼玉県川口市元郷２,埼玉高速鉄道/川口元郷駅 歩5分 or ＪＲ京浜東北線/川口駅 歩20分 or 東京メトロ南北線/赤羽岩淵駅 歩28分,https://suumo.jp/chintai/bc_100281369171/,1,64.0,"https://www.google.com/maps/dir/%E3%80%92332-0011+%E5%9F%BC%E7%8E%89%E7%9C%8C%E5%B7%9D%E5%8F%A3%E5%B8%82%E5%85%83%E9%83%B7%EF%BC%92%E4%B8%81%E7%9B%AE/%E6%9D%B1%E4%BA%AC%E3%83%9D%E3%83%BC%E3%83%88%E3%82%B7%E3%83%86%E3%82%A3%E7%AB%B9%E8%8A%9D%E3%82%AA%E3%83%95%E3%82%A3%E3%82%B9%E3%82%BF%E3%83%AF%E3%83%BC%E3%80%81%E3%80%92105-7590+%E6%9D%B1%E4%BA%AC%E9%83%BD%E6%B8%AF%E5%8C%BA%E6%B5%B7%E5%B2%B8%EF%BC%91%E4%B8%81%E7%9B%AE%EF%BC%97%E2%88%92%EF%BC%91/@35.7288348,139.6783686,12z/data=!3m1!5s0x60188bcfbd4b558d:0x8a806e1fb049c1b8!4m18!4m17!1m5!1m1!1s0x601893098e0b2a73:0x2235411cdbfd0cee!2m2!1d139.7300768!2d35.79482!1m5!1m1!1s0x60188b7e9c0d08a7:0xe97d025b25f3950f!2m2!1d139.7606699!2d35.6552143!2m3!6e1!7e2!8j1652695200!3e3"
ヴィッラホーム六番館 2階,97000,3000,100000,敷9.7万円,礼-,2LDK,58.78m2,東,アパート,築2年,千葉県松戸市串崎新田,新京成線/くぬぎ山駅 歩5分 or 北総線/大町駅 歩7分 or 新京成線/元山駅 歩23分,https://suumo.jp/chintai/bc_100275897883/,0,64.0,"https://www.google.com/maps/dir/%E4%B8%B2%E5%B4%8E%E6%96%B0%E7%94%B0%E3%80%81%E3%80%92270-2216+%E5%8D%83%E8%91%89%E7%9C%8C%E6%9D%BE%E6%88%B8%E5%B8%82/%E6%9D%B1%E4%BA%AC%E3%83%9D%E3%83%BC%E3%83%88%E3%82%B7%E3%83%86%E3%82%A3%E7%AB%B9%E8%8A%9D%E3%82%AA%E3%83%95%E3%82%A3%E3%82%B9%E3%82%BF%E3%83%AF%E3%83%BC%E3%80%81%E3%80%92105-7590+%E6%9D%B1%E4%BA%AC%E9%83%BD%E6%B8%AF%E5%8C%BA%E6%B5%B7%E5%B2%B8%EF%BC%91%E4%B8%81%E7%9B%AE%EF%BC%97%E2%88%92%EF%BC%91/@35.72974,139.7959209,12z/data=!3m1!5s0x60188bcfbd4b558d:0x8a806e1fb049c1b8!4m18!4m17!1m5!1m1!1s0x601883ceef93e585:0x9085fe95cc94d6f5!2m2!1d139.9745076!2d35.7778861!1m5!1m1!1s0x60188b7e9c0d08a7:0xe97d025b25f3950f!2m2!1d139.7606699!2d35.6552143!2m3!6e1!7e2!8j1652695200!3e3"
Ｙａｍａｔｏ海神駅前 2階,90000,5000,95000,敷9万円,礼9万円,1LDK,40m2,東,マンション,築3年,千葉県船橋市海神６,京成本線/海神駅 歩1分 or ＪＲ総武線/西船橋駅 歩19分,https://suumo.jp/chintai/bc_100281267959/,1,65.0,"https://www.google.com/maps/dir/%E3%80%92273-0021+%E5%8D%83%E8%91%89%E7%9C%8C%E8%88%B9%E6%A9%8B%E5%B8%82%E6%B5%B7%E7%A5%9E%EF%BC%96%E4%B8%81%E7%9B%AE/%E6%9D%B1%E4%BA%AC%E3%83%9D%E3%83%BC%E3%83%88%E3%82%B7%E3%83%86%E3%82%A3%E7%AB%B9%E8%8A%9D%E3%82%AA%E3%83%95%E3%82%A3%E3%82%B9%E3%82%BF%E3%83%AF%E3%83%BC%E3%80%81%E3%80%92105-7590+%E6%9D%B1%E4%BA%AC%E9%83%BD%E6%B8%AF%E5%8C%BA%E6%B5%B7%E5%B2%B8%EF%BC%91%E4%B8%81%E7%9B%AE%EF%BC%97%E2%88%92%EF%BC%91/@35.7032111,139.8001982,12z/data=!3m2!4b1!5s0x60188bcfbd4b558d:0x8a806e1fb049c1b8!4m18!4m17!1m5!1m1!1s0x6018808f159c6d87:0xd83675412ba67b49!2m2!1d139.9706607!2d35.7051007!1m5!1m1!1s0x60188b7e9c0d08a7:0xe97d025b25f3950f!2m2!1d139.7606699!2d35.6552143!2m3!6e1!7e2!8j1652739073!3e3"
柏たなか 1LDK 3階,90000,6000,96000,敷-,礼18万円,1LDK,52.55m2,南,アパート,築12年,千葉県柏市小青田,つくばエクスプレス/柏たなか駅 歩4分 or 東武野田線/流山おおたかの森駅 車14分(6.4km) or ＪＲ常磐線/柏駅 バス22分 (バス停)柏たなか駅前 歩4分,https://suumo.jp/chintai/bc_100279123639/,1,66.0,"https://www.google.com/maps/dir/%E5%B0%8F%E9%9D%92%E7%94%B0%E3%80%81%E3%80%92277-0803+%E5%8D%83%E8%91%89%E7%9C%8C%E6%9F%8F%E5%B8%82/%E6%9D%B1%E4%BA%AC%E3%83%9D%E3%83%BC%E3%83%88%E3%82%B7%E3%83%86%E3%82%A3%E7%AB%B9%E8%8A%9D%E3%82%AA%E3%83%95%E3%82%A3%E3%82%B9%E3%82%BF%E3%83%AF%E3%83%BC%E3%80%81%E3%80%92105-7590+%E6%9D%B1%E4%BA%AC%E9%83%BD%E6%B8%AF%E5%8C%BA%E6%B5%B7%E5%B2%B8%EF%BC%91%E4%B8%81%E7%9B%AE%EF%BC%97%E2%88%92%EF%BC%91/@35.7838488,139.7165787,11z/data=!3m1!5s0x60188bcfbd4b558d:0x8a806e1fb049c1b8!4m18!4m17!1m5!1m1!1s0x60189e9ea6db1af9:0x97a09a7daf1915a!2m2!1d139.9559163!2d35.9122244!1m5!1m1!1s0x60188b7e9c0d08a7:0xe97d025b25f3950f!2m2!1d139.7606699!2d35.6552143!2m3!6e1!7e2!8j1652695200!3e3"
柏たなか 1LDK 3階,90000,6000,96000,敷-,礼18万円,1LDK,52.55m2,南西,アパート,築12年,千葉県柏市小青田３,つくばエクスプレス/柏たなか駅 歩4分 or つくばエクスプレス/柏の葉キャンパス駅 歩37分 or 東武野田線/江戸川台駅 歩63分,https://suumo.jp/chintai/bc_100279149503/,1,66.0,"https://www.google.com/maps/dir/%E3%80%92277-0803+%E5%8D%83%E8%91%89%E7%9C%8C%E6%9F%8F%E5%B8%82%E5%B0%8F%E9%9D%92%E7%94%B0%EF%BC%93%E4%B8%81%E7%9B%AE/%E6%9D%B1%E4%BA%AC%E3%83%9D%E3%83%BC%E3%83%88%E3%82%B7%E3%83%86%E3%82%A3%E7%AB%B9%E8%8A%9D%E3%82%AA%E3%83%95%E3%82%A3%E3%82%B9%E3%82%BF%E3%83%AF%E3%83%BC%E3%80%81%E3%80%92105-7590+%E6%9D%B1%E4%BA%AC%E9%83%BD%E6%B8%AF%E5%8C%BA%E6%B5%B7%E5%B2%B8%EF%BC%91%E4%B8%81%E7%9B%AE%EF%BC%97%E2%88%92%EF%BC%91/@35.7847348,139.7165787,11z/data=!3m2!4b1!5s0x60188bcfbd4b558d:0x8a806e1fb049c1b8!4m18!4m17!1m5!1m1!1s0x60189ea23be58f31:0x8acbf3f3718f9a2b!2m2!1d139.9560799!2d35.9140157!1m5!1m1!1s0x60188b7e9c0d08a7:0xe97d025b25f3950f!2m2!1d139.7606699!2d35.6552143!2m3!6e1!7e2!8j1652739132!3e3"
ＬＥ－ＣＩＥＬ ＭＫ 2階,89000,8000,97000,敷-,礼-,1LDK,42.49m2,北西,マンション,新築,千葉県船橋市飯山満町２,東葉高速鉄道/飯山満駅 歩1分 or 新京成線/高根公団駅 歩29分 or 新京成バス/飯山満駅 歩1分,https://suumo.jp/chintai/bc_100265672702/,1,68.0,"https://www.google.com/maps/dir/%E3%80%92274-0822+%E5%8D%83%E8%91%89%E7%9C%8C%E8%88%B9%E6%A9%8B%E5%B8%82%E9%A3%AF%E5%B1%B1%E6%BA%80%E7%94%BA%EF%BC%92%E4%B8%81%E7%9B%AE/%E6%9D%B1%E4%BA%AC%E3%83%9D%E3%83%BC%E3%83%88%E3%82%B7%E3%83%86%E3%82%A3%E7%AB%B9%E8%8A%9D%E3%82%AA%E3%83%95%E3%82%A3%E3%82%B9%E3%82%BF%E3%83%AF%E3%83%BC%E3%80%81%E3%80%92105-7590+%E6%9D%B1%E4%BA%AC%E9%83%BD%E6%B8%AF%E5%8C%BA%E6%B5%B7%E5%B2%B8%EF%BC%91%E4%B8%81%E7%9B%AE%EF%BC%97%E2%88%92%EF%BC%91/@35.6957952,139.7502627,11z/data=!3m2!4b1!5s0x60188bcfbd4b558d:0x8a806e1fb049c1b8!4m18!4m17!1m5!1m1!1s0x60228003cf55f539:0xba2093122c34eee1!2m2!1d140.0200487!2d35.7080695!1m5!1m1!1s0x60188b7e9c0d08a7:0xe97d025b25f3950f!2m2!1d139.7606699!2d35.6552143!2m3!6e1!7e2!8j1652738968!3e3"
ＬＥ－ＣＩＥＬ　ＭＫ 4階,92000,8000,100000,敷-,礼-,1LDK,42.49m2,北西,マンション,新築,千葉県船橋市飯山満町２,東葉高速鉄道/飯山満駅 歩1分,https://suumo.jp/chintai/bc_100276272831/,1,69.0,"https://www.google.com/maps/dir/%E3%80%92274-0822+%E5%8D%83%E8%91%89%E7%9C%8C%E8%88%B9%E6%A9%8B%E5%B8%82%E9%A3%AF%E5%B1%B1%E6%BA%80%E7%94%BA%EF%BC%92%E4%B8%81%E7%9B%AE/%E6%9D%B1%E4%BA%AC%E3%83%9D%E3%83%BC%E3%83%88%E3%82%B7%E3%83%86%E3%82%A3%E7%AB%B9%E8%8A%9D%E3%82%AA%E3%83%95%E3%82%A3%E3%82%B9%E3%82%BF%E3%83%AF%E3%83%BC%E3%80%81%E3%80%92105-7590+%E6%9D%B1%E4%BA%AC%E9%83%BD%E6%B8%AF%E5%8C%BA%E6%B5%B7%E5%B2%B8%EF%BC%91%E4%B8%81%E7%9B%AE%EF%BC%97%E2%88%92%EF%BC%91/@35.6957952,139.7502627,11z/data=!3m2!4b1!5s0x60188bcfbd4b558d:0x8a806e1fb049c1b8!4m18!4m17!1m5!1m1!1s0x60228003cf55f539:0xba2093122c34eee1!2m2!1d140.0200487!2d35.7080695!1m5!1m1!1s0x60188b7e9c0d08a7:0xe97d025b25f3950f!2m2!1d139.7606699!2d35.6552143!2m3!6e1!7e2!8j1652739538!3e3"
南柏 2LDK 2階,92000,4000,96000,敷-,礼11.5万円,2LDK,50.51m2,南東,アパート,築7年,千葉県柏市豊町１,ＪＲ常磐線/南柏駅 歩5分 or 東武野田線/新柏駅 歩20分 or ＪＲ常磐線/柏駅 歩30分,https://suumo.jp/chintai/bc_100213598574/,1,69.0,"https://www.google.com/maps/dir/%E3%80%92277-0854+%E5%8D%83%E8%91%89%E7%9C%8C%E6%9F%8F%E5%B8%82%E8%B1%8A%E7%94%BA%EF%BC%91%E4%B8%81%E7%9B%AE/%E6%9D%B1%E4%BA%AC%E3%83%9D%E3%83%BC%E3%83%88%E3%82%B7%E3%83%86%E3%82%A3%E7%AB%B9%E8%8A%9D%E3%82%AA%E3%83%95%E3%82%A3%E3%82%B9%E3%82%BF%E3%83%AF%E3%83%BC%E3%80%81%E3%80%92105-7590+%E6%9D%B1%E4%BA%AC%E9%83%BD%E6%B8%AF%E5%8C%BA%E6%B5%B7%E5%B2%B8%EF%BC%91%E4%B8%81%E7%9B%AE%EF%BC%97%E2%88%92%EF%BC%91/@35.75883,139.7239473,11z/data=!3m2!4b1!5s0x60188bcfbd4b558d:0x8a806e1fb049c1b8!4m18!4m17!1m5!1m1!1s0x60189cc7668e8a83:0xf011c264d7f1652d!2m2!1d139.9578393!2d35.848173!1m5!1m1!1s0x60188b7e9c0d08a7:0xe97d025b25f3950f!2m2!1d139.7606699!2d35.6552143!2m3!6e1!7e2!8j1652739377!3e3"
グランドールＫ南越谷駅前 2階,93000,6000,99000,敷-,礼9.3万円,1LDK,43.23m2,南,マンション,築11年,埼玉県越谷市南越谷１,東武伊勢崎線/新越谷駅 歩4分 or ＪＲ武蔵野線/南越谷駅 歩5分 or 東武伊勢崎線/蒲生駅 歩10分,https://suumo.jp/chintai/bc_100281534431/,1,70.0,"https://www.google.com/maps/dir/%E3%80%92343-0845+%E5%9F%BC%E7%8E%89%E7%9C%8C%E8%B6%8A%E8%B0%B7%E5%B8%82%E5%8D%97%E8%B6%8A%E8%B0%B7%EF%BC%91%E4%B8%81%E7%9B%AE/%E6%9D%B1%E4%BA%AC%E3%83%9D%E3%83%BC%E3%83%88%E3%82%B7%E3%83%86%E3%82%A3%E7%AB%B9%E8%8A%9D%E3%82%AA%E3%83%95%E3%82%A3%E3%82%B9%E3%82%BF%E3%83%AF%E3%83%BC%E3%80%81%E3%80%92105-7590+%E6%9D%B1%E4%BA%AC%E9%83%BD%E6%B8%AF%E5%8C%BA%E6%B5%B7%E5%B2%B8%EF%BC%91%E4%B8%81%E7%9B%AE%EF%BC%97%E2%88%92%EF%BC%91/@35.7657499,139.6048674,11z/data=!3m2!4b1!5s0x60188bcfbd4b558d:0x8a806e1fb049c1b8!4m18!4m17!1m5!1m1!1s0x6018968d277cab37:0x945c9fb8ef1ec3e3!2m2!1d139.7920494!2d35.8741347!1m5!1m1!1s0x60188b7e9c0d08a7:0xe97d025b25f3950f!2m2!1d139.7606699!2d35.6552143!2m3!6e1!7e2!8j1652695200!3e3"
ドゥ　セードル 5階,91000,9000,100000,敷-,礼9.1万円,1LDK,44.62m2,南,マンション,築12年,千葉県千葉市中央区院内１,ＪＲ総武本線/東千葉駅 歩6分 or ＪＲ総武線/千葉駅 歩10分 or 千葉都市モノレール/栄町駅 歩5分,https://suumo.jp/chintai/bc_100281843565/,2,70.0,"https://www.google.com/maps/dir/%E3%80%92260-0018+%E5%8D%83%E8%91%89%E7%9C%8C%E5%8D%83%E8%91%89%E5%B8%82%E4%B8%AD%E5%A4%AE%E5%8C%BA%E9%99%A2%E5%86%85%EF%BC%91%E4%B8%81%E7%9B%AE/%E6%9D%B1%E4%BA%AC%E3%83%9D%E3%83%BC%E3%83%88%E3%82%B7%E3%83%86%E3%82%A3%E7%AB%B9%E8%8A%9D%E3%82%AA%E3%83%95%E3%82%A3%E3%82%B9%E3%82%BF%E3%83%AF%E3%83%BC%E3%80%81%E3%80%92105-7590+%E6%9D%B1%E4%BA%AC%E9%83%BD%E6%B8%AF%E5%8C%BA%E6%B5%B7%E5%B2%B8%EF%BC%91%E4%B8%81%E7%9B%AE%EF%BC%97%E2%88%92%EF%BC%91/@35.6731219,139.8007821,11z/data=!3m1!5s0x60188bcfbd4b558d:0x8a806e1fb049c1b8!4m18!4m17!1m5!1m1!1s0x602284c996b960e1:0x88f57be04f8f824f!2m2!1d140.1231238!2d35.6127831!1m5!1m1!1s0x60188b7e9c0d08a7:0xe97d025b25f3950f!2m2!1d139.7606699!2d35.6552143!2m3!6e1!7e2!8j1652695200!3e3"
キャトルセゾンＧ 2階,91000,5000,96000,敷-,礼12万円,2LDK,64.46m2,南,アパート,築7年,千葉県柏市東逆井１,東武野田線/逆井駅 歩5分 or 東武野田線/増尾駅 歩11分 or 東武野田線/新柏駅 歩28分,https://suumo.jp/chintai/bc_100274035861/,1,70.0,"https://www.google.com/maps/dir/%E3%80%92277-0045+%E5%8D%83%E8%91%89%E7%9C%8C%E6%9F%8F%E5%B8%82%E6%9D%B1%E9%80%86%E4%BA%95%EF%BC%91%E4%B8%81%E7%9B%AE/%E6%9D%B1%E4%BA%AC%E3%83%9D%E3%83%BC%E3%83%88%E3%82%B7%E3%83%86%E3%82%A3%E7%AB%B9%E8%8A%9D%E3%82%AA%E3%83%95%E3%82%A3%E3%82%B9%E3%82%BF%E3%83%AF%E3%83%BC%E3%80%81%E3%80%92105-7590+%E6%9D%B1%E4%BA%AC%E9%83%BD%E6%B8%AF%E5%8C%BA%E6%B5%B7%E5%B2%B8%EF%BC%91%E4%B8%81%E7%9B%AE%EF%BC%97%E2%88%92%EF%BC%91/@35.7588888,139.7370707,11z/data=!3m2!4b1!5s0x60188bcfbd4b558d:0x8a806e1fb049c1b8!4m18!4m17!1m5!1m1!1s0x601882e72890548f:0x70bfd9ad9264d9fb!2m2!1d139.9834848!2d35.8251065!1m5!1m1!1s0x60188b7e9c0d08a7:0xe97d025b25f3950f!2m2!1d139.7606699!2d35.6552143!2m3!6e1!7e2!8j1652739277!3e3"
グリーンミユキ小山 9階,100000,0,100000,敷10万円,礼10万円,3LDK,68.2m2,南東,マンション,築15年,栃木県小山市中央町２,湘南新宿ライン宇須/小山駅 歩3分 or 東北新幹線/小山駅 歩3分 or ＪＲ宇都宮線/小山駅 歩3分,https://suumo.jp/chintai/bc_100281727783/,1,71.0,"https://www.google.com/maps/dir/%E3%80%92323-0023+%E6%A0%83%E6%9C%A8%E7%9C%8C%E5%B0%8F%E5%B1%B1%E5%B8%82%E4%B8%AD%E5%A4%AE%E7%94%BA%EF%BC%92%E4%B8%81%E7%9B%AE/%E6%9D%B1%E4%BA%AC%E3%83%9D%E3%83%BC%E3%83%88%E3%82%B7%E3%83%86%E3%82%A3%E7%AB%B9%E8%8A%9D%E3%82%AA%E3%83%95%E3%82%A3%E3%82%B9%E3%82%BF%E3%83%AF%E3%83%BC%E3%80%81%E3%80%92105-7590+%E6%9D%B1%E4%BA%AC%E9%83%BD%E6%B8%AF%E5%8C%BA%E6%B5%B7%E5%B2%B8%EF%BC%91%E4%B8%81%E7%9B%AE%EF%BC%97%E2%88%92%EF%BC%91/@35.9849085,139.4312034,10z/data=!3m1!5s0x60188bcfbd4b558d:0x8a806e1fb049c1b8!4m18!4m17!1m5!1m1!1s0x601f4ee56007f5b3:0x3401a91e3693e9ff!2m2!1d139.8025976!2d36.313445!1m5!1m1!1s0x60188b7e9c0d08a7:0xe97d025b25f3950f!2m2!1d139.7606699!2d35.6552143!2m3!6e1!7e2!8j1652695200!3e3"
ＬＥ－ＣＩＥＬ　ＭＫ 3階,91000,8000,99000,敷-,礼-,1LDK,42.49m2,北西,マンション,新築,千葉県船橋市飯山満町２,東葉高速鉄道/飯山満駅 歩1分,https://suumo.jp/chintai/bc_100276272869/,1,71.0,"https://www.google.com/maps/dir/%E3%80%92274-0822+%E5%8D%83%E8%91%89%E7%9C%8C%E8%88%B9%E6%A9%8B%E5%B8%82%E9%A3%AF%E5%B1%B1%E6%BA%80%E7%94%BA%EF%BC%92%E4%B8%81%E7%9B%AE/%E6%9D%B1%E4%BA%AC%E3%83%9D%E3%83%BC%E3%83%88%E3%82%B7%E3%83%86%E3%82%A3%E7%AB%B9%E8%8A%9D%E3%82%AA%E3%83%95%E3%82%A3%E3%82%B9%E3%82%BF%E3%83%AF%E3%83%BC%E3%80%81%E3%80%92105-7590+%E6%9D%B1%E4%BA%AC%E9%83%BD%E6%B8%AF%E5%8C%BA%E6%B5%B7%E5%B2%B8%EF%BC%91%E4%B8%81%E7%9B%AE%EF%BC%97%E2%88%92%EF%BC%91/@35.6957364,139.7502627,11z/data=!3m1!5s0x60188bcfbd4b558d:0x8a806e1fb049c1b8!4m18!4m17!1m5!1m1!1s0x60228003cf55f539:0xba2093122c34eee1!2m2!1d140.0200487!2d35.7080695!1m5!1m1!1s0x60188b7e9c0d08a7:0xe97d025b25f3950f!2m2!1d139.7606699!2d35.6552143!2m3!6e1!7e2!8j1652695200!3e3"
三生ハウス 4階,90000,8000,98000,敷-,礼-,2DK,42m2,南,マンション,築27年,東京都東久留米市東本町,西武池袋線/東久留米駅 歩5分 or 西武池袋線/ひばりヶ丘駅 歩20分 or 西武池袋線/清瀬駅 歩28分,https://suumo.jp/chintai/bc_100277783067/,1,71.0,"https://www.google.com/maps/dir/%E6%9D%B1%E6%9C%AC%E7%94%BA%E3%80%81%E3%80%92203-0014+%E6%9D%B1%E4%BA%AC%E9%83%BD%E6%9D%B1%E4%B9%85%E7%95%99%E7%B1%B3%E5%B8%82/%E6%9D%B1%E4%BA%AC%E3%83%9D%E3%83%BC%E3%83%88%E3%82%B7%E3%83%86%E3%82%A3%E7%AB%B9%E8%8A%9D%E3%82%AA%E3%83%95%E3%82%A3%E3%82%B9%E3%82%BF%E3%83%AF%E3%83%BC%E3%80%81%E3%80%92105-7590+%E6%9D%B1%E4%BA%AC%E9%83%BD%E6%B8%AF%E5%8C%BA%E6%B5%B7%E5%B2%B8%EF%BC%91%E4%B8%81%E7%9B%AE%EF%BC%97%E2%88%92%EF%BC%91/@35.708517,139.5165383,11z/data=!3m2!4b1!5s0x60188bcfbd4b558d:0x8a806e1fb049c1b8!4m18!4m17!1m5!1m1!1s0x6018e89be35eaefb:0x324cb078b21eafb7!2m2!1d139.5337272!2d35.7625971!1m5!1m1!1s0x60188b7e9c0d08a7:0xe97d025b25f3950f!2m2!1d139.7606699!2d35.6552143!2m3!6e1!7e2!8j1652695200!3e3"
ＬＥ－ＣＩＥＬ　ＭＫ 3階,90000,8000,98000,敷-,礼-,1LDK,42.49m2,北西,マンション,新築,千葉県船橋市飯山満町２,東葉高速鉄道/飯山満駅 歩1分,https://suumo.jp/chintai/bc_100276272784/,1,71.0,"https://www.google.com/maps/dir/%E3%80%92274-0822+%E5%8D%83%E8%91%89%E7%9C%8C%E8%88%B9%E6%A9%8B%E5%B8%82%E9%A3%AF%E5%B1%B1%E6%BA%80%E7%94%BA%EF%BC%92%E4%B8%81%E7%9B%AE/%E6%9D%B1%E4%BA%AC%E3%83%9D%E3%83%BC%E3%83%88%E3%82%B7%E3%83%86%E3%82%A3%E7%AB%B9%E8%8A%9D%E3%82%AA%E3%83%95%E3%82%A3%E3%82%B9%E3%82%BF%E3%83%AF%E3%83%BC%E3%80%81%E3%80%92105-7590+%E6%9D%B1%E4%BA%AC%E9%83%BD%E6%B8%AF%E5%8C%BA%E6%B5%B7%E5%B2%B8%EF%BC%91%E4%B8%81%E7%9B%AE%EF%BC%97%E2%88%92%EF%BC%91/@35.6957952,139.7507661,11z/data=!3m1!5s0x60188bcfbd4b558d:0x8a806e1fb049c1b8!4m18!4m17!1m5!1m1!1s0x60228003cf55f539:0xba2093122c34eee1!2m2!1d140.0200487!2d35.7080695!1m5!1m1!1s0x60188b7e9c0d08a7:0xe97d025b25f3950f!2m2!1d139.7606699!2d35.6552143!2m3!6e1!7e2!8j1652695200!3e3"
ＬＥ－ＣＩＥＬ　ＭＫ 2階,88000,8000,96000,敷-,礼-,1LDK,42.49m2,北西,マンション,新築,千葉県船橋市飯山満町２,東葉高速鉄道/飯山満駅 歩1分 or 新京成線/前原駅 歩16分 or ＪＲ総武線/東船橋駅 歩26分,https://suumo.jp/chintai/bc_100282198610/,1,71.0,"https://www.google.com/maps/dir/%E3%80%92274-0822+%E5%8D%83%E8%91%89%E7%9C%8C%E8%88%B9%E6%A9%8B%E5%B8%82%E9%A3%AF%E5%B1%B1%E6%BA%80%E7%94%BA%EF%BC%92%E4%B8%81%E7%9B%AE/%E6%9D%B1%E4%BA%AC%E3%83%9D%E3%83%BC%E3%83%88%E3%82%B7%E3%83%86%E3%82%A3%E7%AB%B9%E8%8A%9D%E3%82%AA%E3%83%95%E3%82%A3%E3%82%B9%E3%82%BF%E3%83%AF%E3%83%BC%E3%80%81%E3%80%92105-7590+%E6%9D%B1%E4%BA%AC%E9%83%BD%E6%B8%AF%E5%8C%BA%E6%B5%B7%E5%B2%B8%EF%BC%91%E4%B8%81%E7%9B%AE%EF%BC%97%E2%88%92%EF%BC%91/@35.6957952,139.7502627,11z/data=!3m2!4b1!5s0x60188bcfbd4b558d:0x8a806e1fb049c1b8!4m18!4m17!1m5!1m1!1s0x60228003cf55f539:0xba2093122c34eee1!2m2!1d140.0200487!2d35.7080695!1m5!1m1!1s0x60188b7e9c0d08a7:0xe97d025b25f3950f!2m2!1d139.7606699!2d35.6552143!2m3!6e1!7e2!8j1652695200!3e3"
Oakwood（オークウッド） 2階,95000,5000,100000,敷9.5万円,礼9.5万円,1LDK,41.92m2,南,アパート,新築,東京都板橋区高島平５,都営三田線/西高島平駅 歩3分 or 都営三田線/新高島平駅 歩10分 or 都営三田線/高島平駅 歩19分,https://suumo.jp/chintai/bc_100270673030/,0,71.0,"https://www.google.com/maps/dir/%E3%80%92175-0082+%E6%9D%B1%E4%BA%AC%E9%83%BD%E6%9D%BF%E6%A9%8B%E5%8C%BA%E9%AB%98%E5%B3%B6%E5%B9%B3%EF%BC%95%E4%B8%81%E7%9B%AE/%E6%9D%B1%E4%BA%AC%E3%83%9D%E3%83%BC%E3%83%88%E3%82%B7%E3%83%86%E3%82%A3%E7%AB%B9%E8%8A%9D%E3%82%AA%E3%83%95%E3%82%A3%E3%82%B9%E3%82%BF%E3%83%AF%E3%83%BC%E3%80%81%E3%80%92105-7590+%E6%9D%B1%E4%BA%AC%E9%83%BD%E6%B8%AF%E5%8C%BA%E6%B5%B7%E5%B2%B8%EF%BC%91%E4%B8%81%E7%9B%AE%EF%BC%97%E2%88%92%EF%BC%91/@35.7237074,139.6417592,12z/data=!3m1!5s0x60188bcfbd4b558d:0x8a806e1fb049c1b8!4m18!4m17!1m5!1m1!1s0x6018eb815dc395c5:0x4fcaab3cd6e0f589!2m2!1d139.6464845!2d35.7880964!1m5!1m1!1s0x60188b7e9c0d08a7:0xe97d025b25f3950f!2m2!1d139.7606699!2d35.6552143!2m3!6e1!7e2!8j1652695200!3e3"
サニーウェル仲村 3階,92000,8000,100000,敷9.2万円,礼4.6万円,3LDK,74.89m2,南,マンション,築22年,千葉県八千代市村上南５,東葉高速鉄道/村上駅 歩1分 or 京成本線/勝田台駅 歩16分 or 東葉高速鉄道/東葉勝田台駅 歩16分,https://suumo.jp/chintai/bc_100279463719/,1,72.0,"https://www.google.com/maps/dir/%E3%80%92276-0029+%E5%8D%83%E8%91%89%E7%9C%8C%E5%85%AB%E5%8D%83%E4%BB%A3%E5%B8%82%E6%9D%91%E4%B8%8A%E5%8D%97%EF%BC%95%E4%B8%81%E7%9B%AE/%E6%9D%B1%E4%BA%AC%E3%83%9D%E3%83%BC%E3%83%88%E3%82%B7%E3%83%86%E3%82%A3%E7%AB%B9%E8%8A%9D%E3%82%AA%E3%83%95%E3%82%A3%E3%82%B9%E3%82%BF%E3%83%AF%E3%83%BC%E3%80%81%E3%80%92105-7590+%E6%9D%B1%E4%BA%AC%E9%83%BD%E6%B8%AF%E5%8C%BA%E6%B5%B7%E5%B2%B8%EF%BC%91%E4%B8%81%E7%9B%AE%EF%BC%97%E2%88%92%EF%BC%91/@35.6956946,139.797695,11z/data=!3m2!4b1!5s0x60188bcfbd4b558d:0x8a806e1fb049c1b8!4m18!4m17!1m5!1m1!1s0x60228721efad06a5:0x5bbc640fd6fa5bf!2m2!1d140.1208742!2d35.721028!1m5!1m1!1s0x60188b7e9c0d08a7:0xe97d025b25f3950f!2m2!1d139.7606699!2d35.6552143!2m3!6e1!7e2!8j1652739480!3e3"
天王台 3LDK 2階,92000,4500,96500,敷-,礼9.2万円,3LDK,66.5m2,南東,マンション,築22年,千葉県我孫子市柴崎台３,ＪＲ常磐線/天王台駅 歩4分 or 東武野田線/柏駅 車14分(7.7km) or つくばエクスプレス/柏の葉キャンパス駅 車19分(10.6km),https://suumo.jp/chintai/bc_100276384395/,1,72.0,"https://www.google.com/maps/dir/%E3%80%92270-1176+%E5%8D%83%E8%91%89%E7%9C%8C%E6%88%91%E5%AD%AB%E5%AD%90%E5%B8%82%E6%9F%B4%E5%B4%8E%E5%8F%B0%EF%BC%93%E4%B8%81%E7%9B%AE/%E6%9D%B1%E4%BA%AC%E3%83%9D%E3%83%BC%E3%83%88%E3%82%B7%E3%83%86%E3%82%A3%E7%AB%B9%E8%8A%9D%E3%82%AA%E3%83%95%E3%82%A3%E3%82%B9%E3%82%BF%E3%83%AF%E3%83%BC%E3%80%81%E3%80%92105-7590+%E6%9D%B1%E4%BA%AC%E9%83%BD%E6%B8%AF%E5%8C%BA%E6%B5%B7%E5%B2%B8%EF%BC%91%E4%B8%81%E7%9B%AE%EF%BC%97%E2%88%92%EF%BC%91/@35.7663838,139.7597295,11z/data=!3m2!4b1!5s0x60188bcfbd4b558d:0x8a806e1fb049c1b8!4m18!4m17!1m5!1m1!1s0x6022778dbf0ecda9:0x9524b71d875bb7ff!2m2!1d140.0425111!2d35.8773135!1m5!1m1!1s0x60188b7e9c0d08a7:0xe97d025b25f3950f!2m2!1d139.7606699!2d35.6552143!2m3!6e1!7e2!8j1652739397!3e3"
小平 2LDK 2階,95000,0,95000,敷9.5万円,礼9.5万円,2LDK,50.02m2,南,マンション,築32年,東京都小平市美園町２,西武新宿線/小平駅 歩2分 or 西武拝島線/萩山駅 歩17分 or 西武多摩湖線/青梅街道駅 歩25分,https://suumo.jp/chintai/bc_000035962411/,1,73.0,"https://www.google.com/maps/dir/%E3%80%92187-0041+%E6%9D%B1%E4%BA%AC%E9%83%BD%E5%B0%8F%E5%B9%B3%E5%B8%82%E7%BE%8E%E5%9C%92%E7%94%BA%EF%BC%92%E4%B8%81%E7%9B%AE/%E6%9D%B1%E4%BA%AC%E3%83%9D%E3%83%BC%E3%83%88%E3%82%B7%E3%83%86%E3%82%A3%E7%AB%B9%E8%8A%9D%E3%82%AA%E3%83%95%E3%82%A3%E3%82%B9%E3%82%BF%E3%83%AF%E3%83%BC%E3%80%81%E3%80%92105-7590+%E6%9D%B1%E4%BA%AC%E9%83%BD%E6%B8%AF%E5%8C%BA%E6%B5%B7%E5%B2%B8%EF%BC%91%E4%B8%81%E7%9B%AE%EF%BC%97%E2%88%92%EF%BC%91/@35.6773107,139.4918857,11z/data=!3m2!4b1!5s0x60188bcfbd4b558d:0x8a806e1fb049c1b8!4m18!4m17!1m5!1m1!1s0x6018e661a8de567b:0xac41df7cf865c785!2m2!1d139.4901476!2d35.7372325!1m5!1m1!1s0x60188b7e9c0d08a7:0xe97d025b25f3950f!2m2!1d139.7606699!2d35.6552143!2m3!6e1!7e2!8j1652695200!3e3"
塚本アパートメント 5階,90000,10000,100000,敷9万円,礼9万円,1LDK,51.72m2,南東,マンション,築33年,東京都調布市菊野台１,京王線/柴崎駅 歩3分 or 京王線/つつじヶ丘駅 歩9分 or 京王線/国領駅 歩16分,https://suumo.jp/chintai/bc_100272757694/,1,73.0,"https://www.google.com/maps/dir/%E3%80%92182-0007+%E6%9D%B1%E4%BA%AC%E9%83%BD%E8%AA%BF%E5%B8%83%E5%B8%82%E8%8F%8A%E9%87%8E%E5%8F%B0%EF%BC%91%E4%B8%81%E7%9B%AE/%E6%9D%B1%E4%BA%AC%E3%83%9D%E3%83%BC%E3%83%88%E3%82%B7%E3%83%86%E3%82%A3%E7%AB%B9%E8%8A%9D%E3%82%AA%E3%83%95%E3%82%A3%E3%82%B9%E3%82%BF%E3%83%AF%E3%83%BC%E3%80%81%E3%80%92105-7590+%E6%9D%B1%E4%BA%AC%E9%83%BD%E6%B8%AF%E5%8C%BA%E6%B5%B7%E5%B2%B8%EF%BC%91%E4%B8%81%E7%9B%AE%EF%BC%97%E2%88%92%EF%BC%91/@35.6597496,139.5989443,12z/data=!3m2!4b1!5s0x60188bcfbd4b558d:0x8a806e1fb049c1b8!4m18!4m17!1m5!1m1!1s0x6018f04c7d95b9a3:0xf1ef5cbf5a15a74!2m2!1d139.5668312!2d35.6557308!1m5!1m1!1s0x60188b7e9c0d08a7:0xe97d025b25f3950f!2m2!1d139.7606699!2d35.6552143!2m3!6e1!7e2!8j1652739255!3e3"
大泉学園 1LDK 3階,93000,4000,97000,敷9.3万円,礼-,1LDK,47.3m2,南,マンション,築20年,東京都練馬区東大泉６,西武池袋線/大泉学園駅 歩3分 or 西武池袋線/保谷駅 歩21分 or 西武池袋線/石神井公園駅 歩28分,https://suumo.jp/chintai/bc_100272160219/,1,74.0,"https://www.google.com/maps/dir/%E3%80%92178-0063+%E6%9D%B1%E4%BA%AC%E9%83%BD%E7%B7%B4%E9%A6%AC%E5%8C%BA%E6%9D%B1%E5%A4%A7%E6%B3%89%EF%BC%96%E4%B8%81%E7%9B%AE/%E6%9D%B1%E4%BA%AC%E3%83%9D%E3%83%BC%E3%83%88%E3%82%B7%E3%83%86%E3%82%A3%E7%AB%B9%E8%8A%9D%E3%82%AA%E3%83%95%E3%82%A3%E3%82%B9%E3%82%BF%E3%83%AF%E3%83%BC%E3%80%81%E3%80%92105-7590+%E6%9D%B1%E4%BA%AC%E9%83%BD%E6%B8%AF%E5%8C%BA%E6%B5%B7%E5%B2%B8%EF%BC%91%E4%B8%81%E7%9B%AE%EF%BC%97%E2%88%92%EF%BC%91/@35.6833891,139.6080673,12z/data=!3m1!5s0x60188bcfbd4b558d:0x8a806e1fb049c1b8!4m18!4m17!1m5!1m1!1s0x6018eec3e3a7b5cb:0xa92ee63989cd4e1d!2m2!1d139.5827532!2d35.7440648!1m5!1m1!1s0x60188b7e9c0d08a7:0xe97d025b25f3950f!2m2!1d139.7606699!2d35.6552143!2m3!6e1!7e2!8j1652695200!3e3"
グランドパレスNS-10 9階,90000,8000,98000,敷18万円,礼9万円,2LDK,50.99m2,南,マンション,築15年,茨城県つくば市みどりの１,つくばエクスプレス/みどりの駅 歩1分,https://suumo.jp/chintai/bc_100105801566/,1,74.0,"https://www.google.com/maps/dir/%E3%80%92305-0881+%E8%8C%A8%E5%9F%8E%E7%9C%8C%E3%81%A4%E3%81%8F%E3%81%B0%E5%B8%82%E3%81%BF%E3%81%A9%E3%82%8A%E3%81%AE%EF%BC%91%E4%B8%81%E7%9B%AE/%E6%9D%B1%E4%BA%AC%E3%83%9D%E3%83%BC%E3%83%88%E3%82%B7%E3%83%86%E3%82%A3%E7%AB%B9%E8%8A%9D%E3%82%AA%E3%83%95%E3%82%A3%E3%82%B9%E3%82%BF%E3%83%AF%E3%83%BC%E3%80%81%E3%80%92105-7590+%E6%9D%B1%E4%BA%AC%E9%83%BD%E6%B8%AF%E5%8C%BA%E6%B5%B7%E5%B2%B8%EF%BC%91%E4%B8%81%E7%9B%AE%EF%BC%97%E2%88%92%EF%BC%91/@35.8428089,139.6257712,10z/data=!3m2!4b1!5s0x60188bcfbd4b558d:0x8a806e1fb049c1b8!4m18!4m17!1m5!1m1!1s0x60220ad16b140837:0x163be8aab8e8760b!2m2!1d140.0534245!2d36.0290761!1m5!1m1!1s0x60188b7e9c0d08a7:0xe97d025b25f3950f!2m2!1d139.7606699!2d35.6552143!2m3!6e1!7e2!8j1652739198!3e3"
Ｋ．Ｓ柿生 4階,94000,6000,100000,敷9.4万円,礼9.4万円,2DK,45.43m2,北西,マンション,築22年,神奈川県川崎市麻生区上麻生５,小田急線/柿生駅 歩2分 or 小田急多摩線/五月台駅 歩19分 or 小田急線/鶴川駅 歩23分,https://suumo.jp/chintai/bc_100278662568/,2,75.0,"https://www.google.com/maps/dir/%E3%80%92215-0021+%E7%A5%9E%E5%A5%88%E5%B7%9D%E7%9C%8C%E5%B7%9D%E5%B4%8E%E5%B8%82%E9%BA%BB%E7%94%9F%E5%8C%BA%E4%B8%8A%E9%BA%BB%E7%94%9F%EF%BC%95%E4%B8%81%E7%9B%AE/%E6%9D%B1%E4%BA%AC%E3%83%9D%E3%83%BC%E3%83%88%E3%82%B7%E3%83%86%E3%82%A3%E7%AB%B9%E8%8A%9D%E3%82%AA%E3%83%95%E3%82%A3%E3%82%B9%E3%82%BF%E3%83%AF%E3%83%BC%E3%80%81%E3%80%92105-7590+%E6%9D%B1%E4%BA%AC%E9%83%BD%E6%B8%AF%E5%8C%BA%E6%B5%B7%E5%B2%B8%EF%BC%91%E4%B8%81%E7%9B%AE%EF%BC%97%E2%88%92%EF%BC%91/@35.6401248,139.4902817,11z/data=!3m2!4b1!5s0x60188bcfbd4b558d:0x8a806e1fb049c1b8!4m18!4m17!1m5!1m1!1s0x6018fa3a515b95a3:0x94026e0f94fe4607!2m2!1d139.5006419!2d35.59003!1m5!1m1!1s0x60188b7e9c0d08a7:0xe97d025b25f3950f!2m2!1d139.7606699!2d35.6552143!2m3!6e1!7e2!8j1652739890!3e3"
西千葉 1LDK 3階,95000,4000,99000,敷9.5万円,礼9.5万円,1LDK,41.93m2,北,アパート,築2年,千葉県千葉市中央区松波２,ＪＲ総武線/西千葉駅 歩5分 or ＪＲ総武線/千葉駅 歩18分 or 千葉都市モノレール/作草部駅 歩12分,https://suumo.jp/chintai/bc_100275199494/,1,76.0,"https://www.google.com/maps/dir/%E3%80%92260-0044+%E5%8D%83%E8%91%89%E7%9C%8C%E5%8D%83%E8%91%89%E5%B8%82%E4%B8%AD%E5%A4%AE%E5%8C%BA%E6%9D%BE%E6%B3%A2%EF%BC%92%E4%B8%81%E7%9B%AE/%E6%9D%B1%E4%BA%AC%E3%83%9D%E3%83%BC%E3%83%88%E3%82%B7%E3%83%86%E3%82%A3%E7%AB%B9%E8%8A%9D%E3%82%AA%E3%83%95%E3%82%A3%E3%82%B9%E3%82%BF%E3%83%AF%E3%83%BC%E3%80%81%E3%80%92105-7590+%E6%9D%B1%E4%BA%AC%E9%83%BD%E6%B8%AF%E5%8C%BA%E6%B5%B7%E5%B2%B8%EF%BC%91%E4%B8%81%E7%9B%AE%EF%BC%97%E2%88%92%EF%BC%91/@35.6823406,139.7940197,11z/data=!3m2!4b1!5s0x60188bcfbd4b558d:0x8a806e1fb049c1b8!4m18!4m17!1m5!1m1!1s0x60228498dac2d537:0x9383f5165d7aaf0c!2m2!1d140.1067356!2d35.6209926!1m5!1m1!1s0x60188b7e9c0d08a7:0xe97d025b25f3950f!2m2!1d139.7606699!2d35.6552143!2m3!6e1!7e2!8j1652739963!3e3"
ビュー野火止弐番館 2階,92000,6300,98300,敷18.4万円,礼-,2SLDK,58.5m2,南西,マンション,築21年,埼玉県新座市野火止５,ＪＲ武蔵野線/新座駅 歩3分 or 東武東上線/志木駅 歩36分 or 東武東上線/朝霞台駅 歩42分,https://suumo.jp/chintai/bc_100281819505/,1,76.0,"https://www.google.com/maps/dir/%E3%80%92352-0011+%E5%9F%BC%E7%8E%89%E7%9C%8C%E6%96%B0%E5%BA%A7%E5%B8%82%E9%87%8E%E7%81%AB%E6%AD%A2%EF%BC%95%E4%B8%81%E7%9B%AE/%E6%9D%B1%E4%BA%AC%E3%83%9D%E3%83%BC%E3%83%88%E3%82%B7%E3%83%86%E3%82%A3%E7%AB%B9%E8%8A%9D%E3%82%AA%E3%83%95%E3%82%A3%E3%82%B9%E3%82%BF%E3%83%AF%E3%83%BC%E3%80%81%E3%80%92105-7590+%E6%9D%B1%E4%BA%AC%E9%83%BD%E6%B8%AF%E5%8C%BA%E6%B5%B7%E5%B2%B8%EF%BC%91%E4%B8%81%E7%9B%AE%EF%BC%97%E2%88%92%EF%BC%91/@35.7518697,139.527862,11z/data=!3m2!4b1!5s0x60188bcfbd4b558d:0x8a806e1fb049c1b8!4m18!4m17!1m5!1m1!1s0x6018e8370a4a5537:0xec524904d3cadb0a!2m2!1d139.5598269!2d35.8080494!1m5!1m1!1s0x60188b7e9c0d08a7:0xe97d025b25f3950f!2m2!1d139.7606699!2d35.6552143!2m3!6e1!7e2!8j1652739459!3e3"
リバーデール 4階,89000,8000,97000,敷8.9万円,礼8.9万円,1LDK,50.52m2,南西,マンション,築19年,神奈川県大和市中央林間３,東急田園都市線/中央林間駅 歩5分 or 小田急江ノ島線/南林間駅 歩20分 or 小田急江ノ島線/東林間駅 歩21分,https://suumo.jp/chintai/bc_100280379003/,1,78.0,"https://www.google.com/maps/dir/%E3%80%92242-0007+%E7%A5%9E%E5%A5%88%E5%B7%9D%E7%9C%8C%E5%A4%A7%E5%92%8C%E5%B8%82%E4%B8%AD%E5%A4%AE%E6%9E%97%E9%96%93%EF%BC%93%E4%B8%81%E7%9B%AE/%E6%9D%B1%E4%BA%AC%E3%83%9D%E3%83%BC%E3%83%88%E3%82%B7%E3%83%86%E3%82%A3%E7%AB%B9%E8%8A%9D%E3%82%AA%E3%83%95%E3%82%A3%E3%82%B9%E3%82%BF%E3%83%AF%E3%83%BC%E3%80%81%E3%80%92105-7590+%E6%9D%B1%E4%BA%AC%E9%83%BD%E6%B8%AF%E5%8C%BA%E6%B5%B7%E5%B2%B8%EF%BC%91%E4%B8%81%E7%9B%AE%EF%BC%97%E2%88%92%EF%BC%91/@35.5991431,139.4580141,11z/data=!3m1!5s0x60188bcfbd4b558d:0x8a806e1fb049c1b8!4m18!4m17!1m5!1m1!1s0x6018ff31830c0f17:0xf0d0caaafc94218!2m2!1d139.4408814!2d35.5073945!1m5!1m1!1s0x60188b7e9c0d08a7:0xe97d025b25f3950f!2m2!1d139.7606699!2d35.6552143!2m3!6e1!7e2!8j1652695200!3e3"
西千葉 1LDK 5階,99000,0,99000,敷-,礼-,1LDK,44.12m2,南西,マンション,築14年,千葉県千葉市稲毛区弥生町,ＪＲ総武線/西千葉駅 歩1分 or ＪＲ総武線/千葉駅 歩17分 or 京成千葉線/みどり台駅 歩9分,https://suumo.jp/chintai/bc_100281848546/,1,79.0,"https://www.google.com/maps/dir/%E5%BC%A5%E7%94%9F%E7%94%BA%E3%80%81%E3%80%92263-0022+%E5%8D%83%E8%91%89%E7%9C%8C%E5%8D%83%E8%91%89%E5%B8%82%E7%A8%B2%E6%AF%9B%E5%8C%BA/%E6%9D%B1%E4%BA%AC%E3%83%9D%E3%83%BC%E3%83%88%E3%82%B7%E3%83%86%E3%82%A3%E7%AB%B9%E8%8A%9D%E3%82%AA%E3%83%95%E3%82%A3%E3%82%B9%E3%82%BF%E3%83%AF%E3%83%BC%E3%80%81%E3%80%92105-7590+%E6%9D%B1%E4%BA%AC%E9%83%BD%E6%B8%AF%E5%8C%BA%E6%B5%B7%E5%B2%B8%EF%BC%91%E4%B8%81%E7%9B%AE%EF%BC%97%E2%88%92%EF%BC%91/@35.6794493,139.7904024,11z/data=!3m2!4b1!5s0x60188bcfbd4b558d:0x8a806e1fb049c1b8!4m18!4m17!1m5!1m1!1s0x60228482db76c7af:0xe11b8f1d166eced6!2m2!1d140.1048079!2d35.6265669!1m5!1m1!1s0x60188b7e9c0d08a7:0xe97d025b25f3950f!2m2!1d139.7606699!2d35.6552143!2m3!6e1!7e2!8j1652740125!3e3"
クリオ新杉田駅前 2階,90000,5000,95000,敷9万円,礼9万円,2DK,45.15m2,-,マンション,築19年,神奈川県横浜市磯子区新杉田町,ＪＲ根岸線/新杉田駅 歩3分 or 京急本線/杉田駅 歩8分 or シーサイドライン/南部市場駅 歩15分,https://suumo.jp/chintai/bc_100280217266/,0,79.0,"https://www.google.com/maps/dir/%E6%96%B0%E6%9D%89%E7%94%B0%E7%94%BA%E3%80%81%E3%80%92235-0032+%E7%A5%9E%E5%A5%88%E5%B7%9D%E7%9C%8C%E6%A8%AA%E6%B5%9C%E5%B8%82%E7%A3%AF%E5%AD%90%E5%8C%BA/%E6%9D%B1%E4%BA%AC%E3%83%9D%E3%83%BC%E3%83%88%E3%82%B7%E3%83%86%E3%82%A3%E7%AB%B9%E8%8A%9D%E3%82%AA%E3%83%95%E3%82%A3%E3%82%B9%E3%82%BF%E3%83%AF%E3%83%BC%E3%80%81%E3%80%92105-7590+%E6%9D%B1%E4%BA%AC%E9%83%BD%E6%B8%AF%E5%8C%BA%E6%B5%B7%E5%B2%B8%EF%BC%91%E4%B8%81%E7%9B%AE%EF%BC%97%E2%88%92%EF%BC%91/@35.521521,139.5481445,11z/data=!3m2!4b1!5s0x60188bcfbd4b558d:0x8a806e1fb049c1b8!4m18!4m17!1m5!1m1!1s0x6018436ae52bd875:0x8933aac282859196!2m2!1d139.6273579!2d35.3890483!1m5!1m1!1s0x60188b7e9c0d08a7:0xe97d025b25f3950f!2m2!1d139.7606699!2d35.6552143!2m3!6e1!7e2!8j1652695200!3e3"
ラテル 3階,92000,4500,96500,敷-,礼23万円,1LDK,44.71m2,南,アパート,築4年,千葉県千葉市中央区千葉寺町,京成千原線/千葉寺駅 歩5分 or ＪＲ京葉線/蘇我駅 歩15分 or ＪＲ内房線/本千葉駅 歩25分,https://suumo.jp/chintai/bc_100278873452/,2,80.0,"https://www.google.com/maps/dir/%E5%8D%83%E8%91%89%E5%AF%BA%E7%94%BA%E3%80%81%E3%80%92260-0844+%E5%8D%83%E8%91%89%E7%9C%8C%E5%8D%83%E8%91%89%E5%B8%82%E4%B8%AD%E5%A4%AE%E5%8C%BA/%E6%9D%B1%E4%BA%AC%E3%83%9D%E3%83%BC%E3%83%88%E3%82%B7%E3%83%86%E3%82%A3%E7%AB%B9%E8%8A%9D%E3%82%AA%E3%83%95%E3%82%A3%E3%82%B9%E3%82%BF%E3%83%AF%E3%83%BC%E3%80%81%E3%80%92105-7590+%E6%9D%B1%E4%BA%AC%E9%83%BD%E6%B8%AF%E5%8C%BA%E6%B5%B7%E5%B2%B8%EF%BC%91%E4%B8%81%E7%9B%AE%EF%BC%97%E2%88%92%EF%BC%91/@35.6586102,139.8056979,11z/data=!3m1!5s0x60188bcfbd4b558d:0x8a806e1fb049c1b8!4m18!4m17!1m5!1m1!1s0x60229b1894c0d0f5:0x17c380b6fe9ba78!2m2!1d140.1330874!2d35.5916503!1m5!1m1!1s0x60188b7e9c0d08a7:0xe97d025b25f3950f!2m2!1d139.7606699!2d35.6552143!2m3!6e1!7e2!8j1652695200!3e3"
ビュー野火止弐番館 4階,93000,6300,99300,敷18.6万円,礼-,2SLDK,58.5m2,南西,マンション,築21年,埼玉県新座市野火止５,ＪＲ武蔵野線/新座駅 歩3分 or 東武東上線/志木駅 車6分(2.9km) or 東武東上線/和光市駅 車12分(6.0km),https://suumo.jp/chintai/bc_100281123784/,1,80.0,"https://www.google.com/maps/dir/%E3%80%92352-0011+%E5%9F%BC%E7%8E%89%E7%9C%8C%E6%96%B0%E5%BA%A7%E5%B8%82%E9%87%8E%E7%81%AB%E6%AD%A2%EF%BC%95%E4%B8%81%E7%9B%AE/%E6%9D%B1%E4%BA%AC%E3%83%9D%E3%83%BC%E3%83%88%E3%82%B7%E3%83%86%E3%82%A3%E7%AB%B9%E8%8A%9D%E3%82%AA%E3%83%95%E3%82%A3%E3%82%B9%E3%82%BF%E3%83%AF%E3%83%BC%E3%80%81%E3%80%92105-7590+%E6%9D%B1%E4%BA%AC%E9%83%BD%E6%B8%AF%E5%8C%BA%E6%B5%B7%E5%B2%B8%EF%BC%91%E4%B8%81%E7%9B%AE%EF%BC%97%E2%88%92%EF%BC%91/@35.7518697,139.527862,11z/data=!3m1!5s0x60188bcfbd4b558d:0x8a806e1fb049c1b8!4m18!4m17!1m5!1m1!1s0x6018e8370a4a5537:0xec524904d3cadb0a!2m2!1d139.5598269!2d35.8080494!1m5!1m1!1s0x60188b7e9c0d08a7:0xe97d025b25f3950f!2m2!1d139.7606699!2d35.6552143!2m3!6e1!7e2!8j1652695200!3e3"
昭島 1LDK 2階,94000,5000,99000,敷9.4万円,礼9.4万円,1LDK,40.59m2,南東,アパート,新築,東京都昭島市昭和町５,ＪＲ青梅線/昭島駅 歩5分 or ＪＲ青梅線/中神駅 歩21分 or ＪＲ八高線/拝島駅 歩26分,https://suumo.jp/chintai/bc_100272657705/,1,81.0,"https://www.google.com/maps/dir/%E3%80%92196-0015+%E6%9D%B1%E4%BA%AC%E9%83%BD%E6%98%AD%E5%B3%B6%E5%B8%82%E6%98%AD%E5%92%8C%E7%94%BA%EF%BC%95%E4%B8%81%E7%9B%AE/%E6%9D%B1%E4%BA%AC%E3%83%9D%E3%83%BC%E3%83%88%E3%82%B7%E3%83%86%E3%82%A3%E7%AB%B9%E8%8A%9D%E3%82%AA%E3%83%95%E3%82%A3%E3%82%B9%E3%82%BF%E3%83%AF%E3%83%BC%E3%80%81%E3%80%92105-7590+%E6%9D%B1%E4%BA%AC%E9%83%BD%E6%B8%AF%E5%8C%BA%E6%B5%B7%E5%B2%B8%EF%BC%91%E4%B8%81%E7%9B%AE%EF%BC%97%E2%88%92%EF%BC%91/@35.6844375,139.4257042,11z/data=!3m2!4b1!5s0x60188bcfbd4b558d:0x8a806e1fb049c1b8!4m18!4m17!1m5!1m1!1s0x60191fd12c9d9647:0x2d5d4cf589d242fc!2m2!1d139.359921!2d35.7118169!1m5!1m1!1s0x60188b7e9c0d08a7:0xe97d025b25f3950f!2m2!1d139.7606699!2d35.6552143!2m3!6e1!7e2!8j1652739795!3e3"
ガーデンテラスアイリス 2階,94000,5000,99000,敷9.4万円,礼9.4万円,1LDK,40.31m2,東,アパート,新築,東京都昭島市昭和町５,ＪＲ青梅線/昭島駅 歩4分 or ＪＲ青梅線/中神駅 歩21分 or ＪＲ青梅線/拝島駅 歩26分,https://suumo.jp/chintai/bc_100272446770/,1,81.0,"https://www.google.com/maps/dir/%E3%80%92196-0015+%E6%9D%B1%E4%BA%AC%E9%83%BD%E6%98%AD%E5%B3%B6%E5%B8%82%E6%98%AD%E5%92%8C%E7%94%BA%EF%BC%95%E4%B8%81%E7%9B%AE/%E6%9D%B1%E4%BA%AC%E3%83%9D%E3%83%BC%E3%83%88%E3%82%B7%E3%83%86%E3%82%A3%E7%AB%B9%E8%8A%9D%E3%82%AA%E3%83%95%E3%82%A3%E3%82%B9%E3%82%BF%E3%83%AF%E3%83%BC%E3%80%81%E3%80%92105-7590+%E6%9D%B1%E4%BA%AC%E9%83%BD%E6%B8%AF%E5%8C%BA%E6%B5%B7%E5%B2%B8%EF%BC%91%E4%B8%81%E7%9B%AE%EF%BC%97%E2%88%92%EF%BC%91/@35.6844375,139.4257042,11z/data=!3m2!4b1!5s0x60188bcfbd4b558d:0x8a806e1fb049c1b8!4m18!4m17!1m5!1m1!1s0x60191fd12c9d9647:0x2d5d4cf589d242fc!2m2!1d139.359921!2d35.7118169!1m5!1m1!1s0x60188b7e9c0d08a7:0xe97d025b25f3950f!2m2!1d139.7606699!2d35.6552143!2m3!6e1!7e2!8j1652739816!3e3"
多磨霊園 2LDK 3階,90000,6000,96000,敷18万円,礼-,2LDK,54m2,東,マンション,築25年,東京都府中市白糸台１,京王線/多磨霊園駅 歩7分 or 西武多摩川線/白糸台駅 歩5分 or 京王線/武蔵野台駅 歩10分,https://suumo.jp/chintai/bc_100275115691/,2,81.0,"https://www.google.com/maps/dir/%E3%80%92183-0011+%E6%9D%B1%E4%BA%AC%E9%83%BD%E5%BA%9C%E4%B8%AD%E5%B8%82%E7%99%BD%E7%B3%B8%E5%8F%B0%EF%BC%91%E4%B8%81%E7%9B%AE/%E6%9D%B1%E4%BA%AC%E3%83%9D%E3%83%BC%E3%83%88%E3%82%B7%E3%83%86%E3%82%A3%E7%AB%B9%E8%8A%9D%E3%82%AA%E3%83%95%E3%82%A3%E3%82%B9%E3%82%BF%E3%83%AF%E3%83%BC%E3%80%81%E3%80%92105-7590+%E6%9D%B1%E4%BA%AC%E9%83%BD%E6%B8%AF%E5%8C%BA%E6%B5%B7%E5%B2%B8%EF%BC%91%E4%B8%81%E7%9B%AE%EF%BC%97%E2%88%92%EF%BC%91/@35.661803,139.4933127,11z/data=!3m1!5s0x60188bcfbd4b558d:0x8a806e1fb049c1b8!4m18!4m17!1m5!1m1!1s0x6018e538a62af9e3:0xb46de2daffd6db95!2m2!1d139.507003!2d35.6682191!1m5!1m1!1s0x60188b7e9c0d08a7:0xe97d025b25f3950f!2m2!1d139.7606699!2d35.6552143!2m3!6e1!7e2!8j1652695200!3e3"
鎌取 1LDK 6階,87000,8800,95800,敷-,礼17.4万円,1LDK,46.64m2,南西,マンション,新築,千葉県千葉市緑区おゆみ野３,ＪＲ外房線/鎌取駅 歩3分 or 京成千原線/学園前駅 歩29分 or 京成千原線/おゆみ野駅 歩30分,https://suumo.jp/chintai/bc_100277824651/,1,82.0,"https://www.google.com/maps/dir/%E3%80%92266-0031+%E5%8D%83%E8%91%89%E7%9C%8C%E5%8D%83%E8%91%89%E5%B8%82%E7%B7%91%E5%8C%BA%E3%81%8A%E3%82%86%E3%81%BF%E9%87%8E%EF%BC%93%E4%B8%81%E7%9B%AE/%E6%9D%B1%E4%BA%AC%E3%83%9D%E3%83%BC%E3%83%88%E3%82%B7%E3%83%86%E3%82%A3%E7%AB%B9%E8%8A%9D%E3%82%AA%E3%83%95%E3%82%A3%E3%82%B9%E3%82%BF%E3%83%AF%E3%83%BC%E3%80%81%E3%80%92105-7590+%E6%9D%B1%E4%BA%AC%E9%83%BD%E6%B8%AF%E5%8C%BA%E6%B5%B7%E5%B2%B8%EF%BC%91%E4%B8%81%E7%9B%AE%EF%BC%97%E2%88%92%EF%BC%91/@35.6484444,139.8277173,11z/data=!3m2!4b1!5s0x60188bcfbd4b558d:0x8a806e1fb049c1b8!4m18!4m17!1m5!1m1!1s0x60229a0440a6bb97:0x8621a2e7504fe195!2m2!1d140.176818!2d35.560477!1m5!1m1!1s0x60188b7e9c0d08a7:0xe97d025b25f3950f!2m2!1d139.7606699!2d35.6552143!2m3!6e1!7e2!8j1652738822!3e3"
マリオ・ド・ノエル 2階,100000,0,100000,敷10万円,礼10万円,1LDK,52m2,南東,アパート,築7年,東京都国分寺市東恋ヶ窪５,西武国分寺線/恋ヶ窪駅 歩3分 or ＪＲ中央線/西国分寺駅 歩19分 or ＪＲ武蔵野線/西国分寺駅 歩19分,https://suumo.jp/chintai/bc_100282246765/,1,83.0,"https://www.google.com/maps/dir/%E3%80%92185-0014+%E6%9D%B1%E4%BA%AC%E9%83%BD%E5%9B%BD%E5%88%86%E5%AF%BA%E5%B8%82%E6%9D%B1%E6%81%8B%E3%82%B1%E7%AA%AA%EF%BC%95%E4%B8%81%E7%9B%AE/%E6%9D%B1%E4%BA%AC%E3%83%9D%E3%83%BC%E3%83%88%E3%82%B7%E3%83%86%E3%82%A3%E7%AB%B9%E8%8A%9D%E3%82%AA%E3%83%95%E3%82%A3%E3%82%B9%E3%82%BF%E3%83%AF%E3%83%BC%E3%80%81%E3%80%92105-7590+%E6%9D%B1%E4%BA%AC%E9%83%BD%E6%B8%AF%E5%8C%BA%E6%B5%B7%E5%B2%B8%EF%BC%91%E4%B8%81%E7%9B%AE%EF%BC%97%E2%88%92%EF%BC%91/@35.6888576,139.4758519,11z/data=!3m1!5s0x60188bcfbd4b558d:0x8a806e1fb049c1b8!4m18!4m17!1m5!1m1!1s0x6018e41f7878c2e5:0xf3665033bc35e3e2!2m2!1d139.4675753!2d35.709494!1m5!1m1!1s0x60188b7e9c0d08a7:0xe97d025b25f3950f!2m2!1d139.7606699!2d35.6552143!2m3!6e1!7e2!8j1652695200!3e3"
ローズデール 4階,91000,8000,99000,敷9.1万円,礼9.1万円,1LDK,45m2,南東,マンション,築18年,神奈川県大和市中央林間３,東急田園都市線/中央林間駅 歩4分 or 小田急江ノ島線/南林間駅 歩21分 or 小田急江ノ島線/東林間駅 歩22分,https://suumo.jp/chintai/bc_100277727617/,1,83.0,"https://www.google.com/maps/dir/%E3%80%92242-0007+%E7%A5%9E%E5%A5%88%E5%B7%9D%E7%9C%8C%E5%A4%A7%E5%92%8C%E5%B8%82%E4%B8%AD%E5%A4%AE%E6%9E%97%E9%96%93%EF%BC%93%E4%B8%81%E7%9B%AE/%E6%9D%B1%E4%BA%AC%E3%83%9D%E3%83%BC%E3%83%88%E3%82%B7%E3%83%86%E3%82%A3%E7%AB%B9%E8%8A%9D%E3%82%AA%E3%83%95%E3%82%A3%E3%82%B9%E3%82%BF%E3%83%AF%E3%83%BC%E3%80%81%E3%80%92105-7590+%E6%9D%B1%E4%BA%AC%E9%83%BD%E6%B8%AF%E5%8C%BA%E6%B5%B7%E5%B2%B8%EF%BC%91%E4%B8%81%E7%9B%AE%EF%BC%97%E2%88%92%EF%BC%91/@35.5991431,139.4580141,11z/data=!3m2!4b1!5s0x60188bcfbd4b558d:0x8a806e1fb049c1b8!4m18!4m17!1m5!1m1!1s0x6018ff31830c0f17:0xf0d0caaafc94218!2m2!1d139.4408814!2d35.5073945!1m5!1m1!1s0x60188b7e9c0d08a7:0xe97d025b25f3950f!2m2!1d139.7606699!2d35.6552143!2m3!6e1!7e2!8j1652739320!3e3"
アメニティ東林間 2階,95000,5000,100000,敷-,礼-,2LDK,52.01m2,南東,マンション,築28年,神奈川県相模原市南区東林間５,小田急江ノ島線/東林間駅 歩3分 or 小田急小田原線/小田急相模原駅 歩18分 or 小田急線/相模大野駅 歩19分,https://suumo.jp/chintai/bc_100280378180/,2,84.0,"https://www.google.com/maps/dir/%E3%80%92252-0311+%E7%A5%9E%E5%A5%88%E5%B7%9D%E7%9C%8C%E7%9B%B8%E6%A8%A1%E5%8E%9F%E5%B8%82%E5%8D%97%E5%8C%BA%E6%9D%B1%E6%9E%97%E9%96%93%EF%BC%95%E4%B8%81%E7%9B%AE/%E6%9D%B1%E4%BA%AC%E3%83%9D%E3%83%BC%E3%83%88%E3%82%B7%E3%83%86%E3%82%A3%E7%AB%B9%E8%8A%9D%E3%82%AA%E3%83%95%E3%82%A3%E3%82%B9%E3%82%BF%E3%83%AF%E3%83%BC%E3%80%81%E3%80%92105-7590+%E6%9D%B1%E4%BA%AC%E9%83%BD%E6%B8%AF%E5%8C%BA%E6%B5%B7%E5%B2%B8%EF%BC%91%E4%B8%81%E7%9B%AE%EF%BC%97%E2%88%92%EF%BC%91/@35.5992492,139.4580372,11z/data=!3m1!5s0x60188bcfbd4b558d:0x8a806e1fb049c1b8!4m18!4m17!1m5!1m1!1s0x6018fed7740b2091:0xa77c4820fa2f70b9!2m2!1d139.438022!2d35.5191357!1m5!1m1!1s0x60188b7e9c0d08a7:0xe97d025b25f3950f!2m2!1d139.7606699!2d35.6552143!2m3!6e1!7e2!8j1652695200!3e3"
アレックス千葉寺 2階,90000,8000,98000,敷-,礼9万円,2LDK,57.28m2,西,マンション,築23年,千葉県千葉市中央区千葉寺町,京成千原線/千葉寺駅 歩3分 or ＪＲ総武線/千葉駅 バス11分 (バス停)千葉寺駅入口 歩3分 or ＪＲ京葉線/蘇我駅 歩20分,https://suumo.jp/chintai/bc_100275181217/,1,84.0,"https://www.google.com/maps/dir/%E5%8D%83%E8%91%89%E5%AF%BA%E7%94%BA%E3%80%81%E3%80%92260-0844+%E5%8D%83%E8%91%89%E7%9C%8C%E5%8D%83%E8%91%89%E5%B8%82%E4%B8%AD%E5%A4%AE%E5%8C%BA/%E6%9D%B1%E4%BA%AC%E3%83%9D%E3%83%BC%E3%83%88%E3%82%B7%E3%83%86%E3%82%A3%E7%AB%B9%E8%8A%9D%E3%82%AA%E3%83%95%E3%82%A3%E3%82%B9%E3%82%BF%E3%83%AF%E3%83%BC%E3%80%81%E3%80%92105-7590+%E6%9D%B1%E4%BA%AC%E9%83%BD%E6%B8%AF%E5%8C%BA%E6%B5%B7%E5%B2%B8%EF%BC%91%E4%B8%81%E7%9B%AE%EF%BC%97%E2%88%92%EF%BC%91/@35.6586102,139.8056979,11z/data=!3m2!4b1!5s0x60188bcfbd4b558d:0x8a806e1fb049c1b8!4m18!4m17!1m5!1m1!1s0x60229b1894c0d0f5:0x17c380b6fe9ba78!2m2!1d140.1330874!2d35.5916503!1m5!1m1!1s0x60188b7e9c0d08a7:0xe97d025b25f3950f!2m2!1d139.7606699!2d35.6552143!2m3!6e1!7e2!8j1652739177!3e3"
中河原 1LDK 3階,96000,3500,99500,敷-,礼4.8万円,1LDK,40.99m2,南,アパート,築8年,東京都府中市住吉町５,京王線/中河原駅 歩4分 or 京王線/聖蹟桜ヶ丘駅 歩21分 or 京王線/分倍河原駅 歩22分,https://suumo.jp/chintai/bc_100277962780/,1,87.0,"https://www.google.com/maps/dir/%E3%80%92183-0034+%E6%9D%B1%E4%BA%AC%E9%83%BD%E5%BA%9C%E4%B8%AD%E5%B8%82%E4%BD%8F%E5%90%89%E7%94%BA%EF%BC%95%E4%B8%81%E7%9B%AE/%E6%9D%B1%E4%BA%AC%E3%83%9D%E3%83%BC%E3%83%88%E3%82%B7%E3%83%86%E3%82%A3%E7%AB%B9%E8%8A%9D%E3%82%AA%E3%83%95%E3%82%A3%E3%82%B9%E3%82%BF%E3%83%AF%E3%83%BC%E3%80%81%E3%80%92105-7590+%E6%9D%B1%E4%BA%AC%E9%83%BD%E6%B8%AF%E5%8C%BA%E6%B5%B7%E5%B2%B8%EF%BC%91%E4%B8%81%E7%9B%AE%EF%BC%97%E2%88%92%EF%BC%91/@35.6598283,139.4694048,11z/data=!3m2!4b1!5s0x60188bcfbd4b558d:0x8a806e1fb049c1b8!4m18!4m17!1m5!1m1!1s0x6018e49bc429c375:0x9d6e946a2312e5d5!2m2!1d139.4535912!2d35.6569012!1m5!1m1!1s0x60188b7e9c0d08a7:0xe97d025b25f3950f!2m2!1d139.7606699!2d35.6552143!2m3!6e1!7e2!8j1652740039!3e3"
都筑ふれあいの丘 1LDK 4階,92000,8000,100000,敷18.4万円,礼-,1LDK,59.27m2,南東,マンション,築27年,神奈川県横浜市都筑区荏田南１,グリーンライン/都筑ふれあいの丘駅 歩2分 or ブルーライン/センター南駅 歩19分 or グリーンライン/川和町駅 歩22分,https://suumo.jp/chintai/bc_100281349042/,1,87.0,"https://www.google.com/maps/dir/%E3%80%92224-0007+%E7%A5%9E%E5%A5%88%E5%B7%9D%E7%9C%8C%E6%A8%AA%E6%B5%9C%E5%B8%82%E9%83%BD%E7%AD%91%E5%8C%BA%E8%8D%8F%E7%94%B0%E5%8D%97%EF%BC%91%E4%B8%81%E7%9B%AE/%E6%9D%B1%E4%BA%AC%E3%83%9D%E3%83%BC%E3%83%88%E3%82%B7%E3%83%86%E3%82%A3%E7%AB%B9%E8%8A%9D%E3%82%AA%E3%83%95%E3%82%A3%E3%82%B9%E3%82%BF%E3%83%AF%E3%83%BC%E3%80%81%E3%80%92105-7590+%E6%9D%B1%E4%BA%AC%E9%83%BD%E6%B8%AF%E5%8C%BA%E6%B5%B7%E5%B2%B8%EF%BC%91%E4%B8%81%E7%9B%AE%EF%BC%97%E2%88%92%EF%BC%91/@35.5611073,139.5158066,11z/data=!3m2!4b1!5s0x60188bcfbd4b558d:0x8a806e1fb049c1b8!4m18!4m17!1m5!1m1!1s0x6018f7cf0de005c1:0xa93c80e7cc00c63c!2m2!1d139.5604636!2d35.5419275!1m5!1m1!1s0x60188b7e9c0d08a7:0xe97d025b25f3950f!2m2!1d139.7606699!2d35.6552143!2m3!6e1!7e2!8j1652739500!3e3"
ルネス　カトレアコート 2階,89000,6000,95000,敷17.8万円,礼17.8万円,2LDK,51.84m2,南,マンション,築16年,埼玉県川越市野田町１,東武東上線/川越市駅 歩5分 or 東武東上線/川越駅 歩15分 or 西武新宿線/本川越駅 歩15分,https://suumo.jp/chintai/bc_100280919421/,1,88.0,"https://www.google.com/maps/dir/%E3%80%92350-1115+%E5%9F%BC%E7%8E%89%E7%9C%8C%E5%B7%9D%E8%B6%8A%E5%B8%82%E9%87%8E%E7%94%B0%E7%94%BA%EF%BC%91%E4%B8%81%E7%9B%AE/%E6%9D%B1%E4%BA%AC%E3%83%9D%E3%83%BC%E3%83%88%E3%82%B7%E3%83%86%E3%82%A3%E7%AB%B9%E8%8A%9D%E3%82%AA%E3%83%95%E3%82%A3%E3%82%B9%E3%82%BF%E3%83%AF%E3%83%BC%E3%80%81%E3%80%92105-7590+%E6%9D%B1%E4%BA%AC%E9%83%BD%E6%B8%AF%E5%8C%BA%E6%B5%B7%E5%B2%B8%EF%BC%91%E4%B8%81%E7%9B%AE%EF%BC%97%E2%88%92%EF%BC%91/@35.7854363,139.4867233,11z/data=!3m1!5s0x60188bcfbd4b558d:0x8a806e1fb049c1b8!4m18!4m17!1m5!1m1!1s0x6018da438f746fff:0x556622f9b4e5780b!2m2!1d139.4739328!2d35.9120925!1m5!1m1!1s0x60188b7e9c0d08a7:0xe97d025b25f3950f!2m2!1d139.7606699!2d35.6552143!2m3!6e1!7e2!8j1652695200!3e3"
昭島 1LDK 2階,94000,5000,99000,敷9.4万円,礼9.4万円,1LDK,40.68m2,西,アパート,新築,東京都昭島市昭和町５,ＪＲ青梅線/昭島駅 歩3分 or ＪＲ青梅線/中神駅 歩21分 or 西武拝島線/西武立川駅 歩30分,https://suumo.jp/chintai/bc_100280569250/,1,89.0,"https://www.google.com/maps/dir/%E3%80%92196-0015+%E6%9D%B1%E4%BA%AC%E9%83%BD%E6%98%AD%E5%B3%B6%E5%B8%82%E6%98%AD%E5%92%8C%E7%94%BA%EF%BC%95%E4%B8%81%E7%9B%AE/%E6%9D%B1%E4%BA%AC%E3%83%9D%E3%83%BC%E3%83%88%E3%82%B7%E3%83%86%E3%82%A3%E7%AB%B9%E8%8A%9D%E3%82%AA%E3%83%95%E3%82%A3%E3%82%B9%E3%82%BF%E3%83%AF%E3%83%BC%E3%80%81%E3%80%92105-7590+%E6%9D%B1%E4%BA%AC%E9%83%BD%E6%B8%AF%E5%8C%BA%E6%B5%B7%E5%B2%B8%EF%BC%91%E4%B8%81%E7%9B%AE%EF%BC%97%E2%88%92%EF%BC%91/@35.6844375,139.4257042,11z/data=!3m1!5s0x60188bcfbd4b558d:0x8a806e1fb049c1b8!4m18!4m17!1m5!1m1!1s0x60191fd12c9d9647:0x2d5d4cf589d242fc!2m2!1d139.359921!2d35.7118169!1m5!1m1!1s0x60188b7e9c0d08a7:0xe97d025b25f3950f!2m2!1d139.7606699!2d35.6552143!2m3!6e1!7e2!8j1652695200!3e3"
グレース　イマダ 8階,92000,6000,98000,敷-,礼-,1LDK,41.4m2,西,マンション,築16年,神奈川県厚木市旭町２,小田急小田原線/本厚木駅 歩2分 or 小田急小田原線/厚木駅 歩23分,https://suumo.jp/chintai/bc_100281459994/,1,90.0,"https://www.google.com/maps/dir/%E3%80%92243-0014+%E7%A5%9E%E5%A5%88%E5%B7%9D%E7%9C%8C%E5%8E%9A%E6%9C%A8%E5%B8%82%E6%97%AD%E7%94%BA%EF%BC%92%E4%B8%81%E7%9B%AE/%E6%9D%B1%E4%BA%AC%E3%83%9D%E3%83%BC%E3%83%88%E3%82%B7%E3%83%86%E3%82%A3%E7%AB%B9%E8%8A%9D%E3%82%AA%E3%83%95%E3%82%A3%E3%82%B9%E3%82%BF%E3%83%AF%E3%83%BC%E3%80%81%E3%80%92105-7590+%E6%9D%B1%E4%BA%AC%E9%83%BD%E6%B8%AF%E5%8C%BA%E6%B5%B7%E5%B2%B8%EF%BC%91%E4%B8%81%E7%9B%AE%EF%BC%97%E2%88%92%EF%BC%91/@35.5641535,139.4223505,11z/data=!3m2!4b1!5s0x60188bcfbd4b558d:0x8a806e1fb049c1b8!4m18!4m17!1m5!1m1!1s0x6018554b6cf6d761:0x38451b1aa907020f!2m2!1d139.3672187!2d35.4374268!1m5!1m1!1s0x60188b7e9c0d08a7:0xe97d025b25f3950f!2m2!1d139.7606699!2d35.6552143!2m3!6e1!7e2!8j1652739437!3e3"
Rio Grande(リオグランデ） 7階,90000,5000,95000,敷-,礼9万円,1LDK,44.18m2,南,マンション,築9年,茨城県つくば市島名,つくばエクスプレス/万博記念公園駅 歩4分 or つくばエクスプレス/みどりの駅 歩49分 or つくばエクスプレス/研究学園駅 歩58分,https://suumo.jp/chintai/bc_100277670977/,1,90.0,"https://www.google.com/maps/dir/%E5%B3%B6%E5%90%8D%E3%80%81%E3%80%92300-2655+%E8%8C%A8%E5%9F%8E%E7%9C%8C%E3%81%A4%E3%81%8F%E3%81%B0%E5%B8%82/%E6%9D%B1%E4%BA%AC%E3%83%9D%E3%83%BC%E3%83%88%E3%82%B7%E3%83%86%E3%82%A3%E7%AB%B9%E8%8A%9D%E3%82%AA%E3%83%95%E3%82%A3%E3%82%B9%E3%82%BF%E3%83%AF%E3%83%BC%E3%80%81%E3%80%92105-7590+%E6%9D%B1%E4%BA%AC%E9%83%BD%E6%B8%AF%E5%8C%BA%E6%B5%B7%E5%B2%B8%EF%BC%91%E4%B8%81%E7%9B%AE%EF%BC%97%E2%88%92%EF%BC%91/@35.8598651,139.6278829,10z/data=!3m1!5s0x60188bcfbd4b558d:0x8a806e1fb049c1b8!4m18!4m17!1m5!1m1!1s0x60220a56b6a90d87:0xf4bac00ccdd032ec!2m2!1d140.0521405!2d36.0640907!1m5!1m1!1s0x60188b7e9c0d08a7:0xe97d025b25f3950f!2m2!1d139.7606699!2d35.6552143!2m3!6e1!7e2!8j1652695200!3e3"
フェリズ土浦南　２０４号室 2階,95000,0,95000,敷9.5万円,礼9.5万円,3LDK,75.84m2,南西,マンション,築16年,茨城県土浦市荒川沖東３,ＪＲ常磐線/荒川沖駅 歩4分 or ＪＲ常磐線/ひたち野うしく駅 歩34分 or ＪＲ常磐線/土浦駅 歩90分,https://suumo.jp/chintai/bc_100281087594/,1,95.0,"https://www.google.com/maps/dir/%E3%80%92300-0871+%E8%8C%A8%E5%9F%8E%E7%9C%8C%E5%9C%9F%E6%B5%A6%E5%B8%82%E8%8D%92%E5%B7%9D%E6%B2%96%E6%9D%B1%EF%BC%93%E4%B8%81%E7%9B%AE/%E6%9D%B1%E4%BA%AC%E3%83%9D%E3%83%BC%E3%83%88%E3%82%B7%E3%83%86%E3%82%A3%E7%AB%B9%E8%8A%9D%E3%82%AA%E3%83%95%E3%82%A3%E3%82%B9%E3%82%BF%E3%83%AF%E3%83%BC%E3%80%81%E3%80%92105-7590+%E6%9D%B1%E4%BA%AC%E9%83%BD%E6%B8%AF%E5%8C%BA%E6%B5%B7%E5%B2%B8%EF%BC%91%E4%B8%81%E7%9B%AE%EF%BC%97%E2%88%92%EF%BC%91/@35.867003,139.7014669,10z/data=!3m1!5s0x60188bcfbd4b558d:0x8a806e1fb049c1b8!4m18!4m17!1m5!1m1!1s0x60227266c5cff899:0x4c471a2c334edb0c!2m2!1d140.1665256!2d36.025875!1m5!1m1!1s0x60188b7e9c0d08a7:0xe97d025b25f3950f!2m2!1d139.7606699!2d35.6552143!2m3!6e1!7e2!8j1652695200!3e3"
ハイムグランデ東松山 3階,95000,0,95000,敷19万円,礼9.5万円,2SLDK,66.09m2,南,マンション,築13年,埼玉県東松山市箭弓町１,東武東上線/東松山駅 歩1分,https://suumo.jp/chintai/bc_100273162106/,1,96.0,"https://www.google.com/maps/dir/%E3%80%92355-0028+%E5%9F%BC%E7%8E%89%E7%9C%8C%E6%9D%B1%E6%9D%BE%E5%B1%B1%E5%B8%82%E7%AE%AD%E5%BC%93%E7%94%BA%EF%BC%91%E4%B8%81%E7%9B%AE/%E6%9D%B1%E4%BA%AC%E3%83%9D%E3%83%BC%E3%83%88%E3%82%B7%E3%83%86%E3%82%A3%E7%AB%B9%E8%8A%9D%E3%82%AA%E3%83%95%E3%82%A3%E3%82%B9%E3%82%BF%E3%83%AF%E3%83%BC%E3%80%81%E3%80%92105-7590+%E6%9D%B1%E4%BA%AC%E9%83%BD%E6%B8%AF%E5%8C%BA%E6%B5%B7%E5%B2%B8%EF%BC%91%E4%B8%81%E7%9B%AE%EF%BC%97%E2%88%92%EF%BC%91/@35.8457389,139.3041133,10z/data=!3m1!5s0x60188bcfbd4b558d:0x8a806e1fb049c1b8!4m18!4m17!1m5!1m1!1s0x6018d5210707bfa1:0x8c02a29f43d67b45!2m2!1d139.4027683!2d36.0359556!1m5!1m1!1s0x60188b7e9c0d08a7:0xe97d025b25f3950f!2m2!1d139.7606699!2d35.6552143!2m3!6e1!7e2!8j1652695200!3e3"
クレセント川久保 3階,94000,6000,100000,敷-,礼4.7万円,3LDK,74.14m2,南東,アパート,築26年,東京都八王子市片倉町,ＪＲ横浜線/片倉駅 歩2分 or 京王高尾線/京王片倉駅 歩8分 or ＪＲ横浜線/八王子みなみ野駅 歩20分,https://suumo.jp/chintai/bc_100273302710/,1,102.0,"https://www.google.com/maps/dir/%E7%89%87%E5%80%89%E7%94%BA%E3%80%81%E3%80%92192-0914+%E6%9D%B1%E4%BA%AC%E9%83%BD%E5%85%AB%E7%8E%8B%E5%AD%90%E5%B8%82/%E6%9D%B1%E4%BA%AC%E3%83%9D%E3%83%BC%E3%83%88%E3%82%B7%E3%83%86%E3%82%A3%E7%AB%B9%E8%8A%9D%E3%82%AA%E3%83%95%E3%82%A3%E3%82%B9%E3%82%BF%E3%83%AF%E3%83%BC%E3%80%81%E3%80%92105-7590+%E6%9D%B1%E4%BA%AC%E9%83%BD%E6%B8%AF%E5%8C%BA%E6%B5%B7%E5%B2%B8%EF%BC%91%E4%B8%81%E7%9B%AE%EF%BC%97%E2%88%92%EF%BC%91/@35.5922881,139.4102405,11z/data=!3m1!5s0x60188bcfbd4b558d:0x8a806e1fb049c1b8!4m18!4m17!1m5!1m1!1s0x60191dbb5f948da9:0x691f5ab6a760ba72!2m2!1d139.3424738!2d35.6363975!1m5!1m1!1s0x60188b7e9c0d08a7:0xe97d025b25f3950f!2m2!1d139.7606699!2d35.6552143!2m3!6e1!7e2!8j1652695200!3e3"
クレセント川久保 3階,94000,6000,100000,敷-,礼4.7万円,3LDK,74.14m2,-,マンション,築26年,東京都八王子市片倉町,ＪＲ横浜線/片倉駅 歩3分 or 京王高尾線/京王片倉駅 歩10分 or 京王線/北野駅 歩20分,https://suumo.jp/chintai/bc_100282123692/,1,102.0,"https://www.google.com/maps/dir/%E7%89%87%E5%80%89%E7%94%BA%E3%80%81%E3%80%92192-0914+%E6%9D%B1%E4%BA%AC%E9%83%BD%E5%85%AB%E7%8E%8B%E5%AD%90%E5%B8%82/%E6%9D%B1%E4%BA%AC%E3%83%9D%E3%83%BC%E3%83%88%E3%82%B7%E3%83%86%E3%82%A3%E7%AB%B9%E8%8A%9D%E3%82%AA%E3%83%95%E3%82%A3%E3%82%B9%E3%82%BF%E3%83%AF%E3%83%BC%E3%80%81%E3%80%92105-7590+%E6%9D%B1%E4%BA%AC%E9%83%BD%E6%B8%AF%E5%8C%BA%E6%B5%B7%E5%B2%B8%EF%BC%91%E4%B8%81%E7%9B%AE%EF%BC%97%E2%88%92%EF%BC%91/@35.5922881,139.4102405,11z/data=!3m1!5s0x60188bcfbd4b558d:0x8a806e1fb049c1b8!4m18!4m17!1m5!1m1!1s0x60191dbb5f948da9:0x691f5ab6a760ba72!2m2!1d139.3424738!2d35.6363975!1m5!1m1!1s0x60188b7e9c0d08a7:0xe97d025b25f3950f!2m2!1d139.7606699!2d35.6552143!2m3!6e1!7e2!8j1652695200!3e3"
Rio Grande 7階,90000,5000,95000,敷-,礼9万円,1LDK,44.18m2,南,マンション,築9年,茨城県つくば市島名諏訪,つくばエクスプレス/万博記念公園駅 歩3分,https://suumo.jp/chintai/bc_100277065770/,100,,"https://www.google.com/maps/dir/%E8%8C%A8%E5%9F%8E%E7%9C%8C%E3%81%A4%E3%81%8F%E3%81%B0%E5%B8%82%E5%B3%B6%E5%90%8D%E8%AB%8F%E8%A8%AA/%E6%9D%B1%E4%BA%AC%E3%83%9D%E3%83%BC%E3%83%88%E3%82%B7%E3%83%86%E3%82%A3%E7%AB%B9%E8%8A%9D%E3%82%AA%E3%83%95%E3%82%A3%E3%82%B9%E3%82%BF%E3%83%AF%E3%83%BC%E3%80%81%E3%80%92105-7590+%E6%9D%B1%E4%BA%AC%E9%83%BD%E6%B8%AF%E5%8C%BA%E6%B5%B7%E5%B2%B8%EF%BC%91%E4%B8%81%E7%9B%AE%EF%BC%97%E2%88%92%EF%BC%91/@35.655279,139.7256503,13z/data=!3m2!4b1!5s0x60188bcfbd4b558d:0x8a806e1fb049c1b8!4m9!4m8!1m0!1m5!1m1!1s0x60188b7e9c0d08a7:0xe97d025b25f3950f!2m2!1d139.7606699!2d35.6552143!3e3"
