名称,家賃,管理費,家賃+管理費,敷金,礼金,間取り,面積,向き,種別,築年,住所,交通,目的地までの交通機関URL,SUUMOのURL
サニーフォレスト藤原参番館 2階,87000,8000,95000,敷8.7万円,礼-,2DK,54.26m2,南,マンション,築20年,千葉県船橋市藤原１,ＪＲ武蔵野線/船橋法典駅 歩3分 or 東武野田線/塚田駅 歩28分 or ＪＲ総武線/西船橋駅 歩40分,https://www.google.com/maps/dir/?api=1&language=ja&origin=千葉県船橋市藤原１&destination=〒105-0022+東京都港区海岸１丁目７−１+東京ポートシティ竹芝オフィスタワ,https://suumo.jp/chintai/bc_100280441221/
サニーフォレスト藤原参番館 2階,87000,8000,95000,敷8.7万円,礼-,2DK,53.1m2,南,マンション,築20年,千葉県船橋市藤原１,ＪＲ武蔵野線/船橋法典駅 歩3分 or 京成本線/京成西船駅 バス15分 (バス停)藤原町 歩9分 or 東武野田線/塚田駅 歩30分,https://www.google.com/maps/dir/?api=1&language=ja&origin=千葉県船橋市藤原１&destination=〒105-0022+東京都港区海岸１丁目７−１+東京ポートシティ竹芝オフィスタワ,https://suumo.jp/chintai/bc_100280627727/
鎌取 1LDK 6階,87000,8800,95800,敷-,礼17.4万円,1LDK,46.64m2,南西,マンション,新築,千葉県千葉市緑区おゆみ野３,ＪＲ外房線/鎌取駅 歩3分 or 京成千原線/学園前駅 歩29分 or 京成千原線/おゆみ野駅 歩30分,https://www.google.com/maps/dir/?api=1&language=ja&origin=千葉県千葉市緑区おゆみ野３&destination=〒105-0022+東京都港区海岸１丁目７−１+東京ポートシティ竹芝オフィスタワ,https://suumo.jp/chintai/bc_100277824651/
アートレジデンス川口 2階,87000,10000,97000,敷8.7万円,礼8.7万円,1LDK,40.12m2,南,マンション,築5年,埼玉県川口市元郷２,埼玉高速鉄道/川口元郷駅 歩5分 or ＪＲ京浜東北線/川口駅 歩20分 or 東京メトロ南北線/赤羽岩淵駅 歩28分,https://www.google.com/maps/dir/?api=1&language=ja&origin=埼玉県川口市元郷２&destination=〒105-0022+東京都港区海岸１丁目７−１+東京ポートシティ竹芝オフィスタワ,https://suumo.jp/chintai/bc_100281369171/
ザ・サバービア４１２ 8階,88000,8000,96000,敷-,礼8.8万円,1LDK,42.61m2,北東,マンション,築12年,千葉県流山市南流山１,つくばエクスプレス/南流山駅 歩2分 or ＪＲ常磐線/新松戸駅 歩29分 or 流鉄流山線/鰭ヶ崎駅 歩10分,https://www.google.com/maps/dir/?api=1&language=ja&origin=千葉県流山市南流山１&destination=〒105-0022+東京都港区海岸１丁目７−１+東京ポートシティ竹芝オフィスタワ,https://suumo.jp/chintai/bc_100279119383/
ＬＥ－ＣＩＥＬ　ＭＫ 2階,88000,8000,96000,敷-,礼-,1LDK,42.49m2,北西,マンション,新築,千葉県船橋市飯山満町２,東葉高速鉄道/飯山満駅 歩1分 or 新京成線/前原駅 歩16分 or ＪＲ総武線/東船橋駅 歩26分,https://www.google.com/maps/dir/?api=1&language=ja&origin=千葉県船橋市飯山満町２&destination=〒105-0022+東京都港区海岸１丁目７−１+東京ポートシティ竹芝オフィスタワ,https://suumo.jp/chintai/bc_100282198610/
綾瀬レジデンス 3階,88000,10000,98000,敷-,礼-,2DK,44.55m2,西,マンション,築45年,東京都足立区綾瀬３,東京メトロ千代田線/綾瀬駅 歩4分 or つくばエクスプレス/青井駅 歩17分 or 東京メトロ千代田線/北綾瀬駅 歩23分,https://www.google.com/maps/dir/?api=1&language=ja&origin=東京都足立区綾瀬３&destination=〒105-0022+東京都港区海岸１丁目７−１+東京ポートシティ竹芝オフィスタワ,https://suumo.jp/chintai/bc_100274491480/
ルネス　カトレアコート 2階,89000,6000,95000,敷17.8万円,礼17.8万円,2LDK,51.84m2,南,マンション,築16年,埼玉県川越市野田町１,東武東上線/川越市駅 歩5分 or 東武東上線/川越駅 歩15分 or 西武新宿線/本川越駅 歩15分,https://www.google.com/maps/dir/?api=1&language=ja&origin=埼玉県川越市野田町１&destination=〒105-0022+東京都港区海岸１丁目７−１+東京ポートシティ竹芝オフィスタワ,https://suumo.jp/chintai/bc_100280919421/
東神奈川 2DK 3階,89000,7000,96000,敷8.9万円,礼8.9万円,2DK,41.2m2,南西,マンション,築26年,神奈川県横浜市神奈川区西神奈川３,ＪＲ京浜東北線/東神奈川駅 歩11分 or 東急東横線/東白楽駅 歩5分 or 東急東横線/白楽駅 歩10分,https://www.google.com/maps/dir/?api=1&language=ja&origin=神奈川県横浜市神奈川区西神奈川３&destination=〒105-0022+東京都港区海岸１丁目７−１+東京ポートシティ竹芝オフィスタワ,https://suumo.jp/chintai/bc_100280843046/
リバーデール 4階,89000,8000,97000,敷8.9万円,礼8.9万円,1LDK,50.52m2,南西,マンション,築19年,神奈川県大和市中央林間３,東急田園都市線/中央林間駅 歩5分 or 小田急江ノ島線/南林間駅 歩20分 or 小田急江ノ島線/東林間駅 歩21分,https://www.google.com/maps/dir/?api=1&language=ja&origin=神奈川県大和市中央林間３&destination=〒105-0022+東京都港区海岸１丁目７−１+東京ポートシティ竹芝オフィスタワ,https://suumo.jp/chintai/bc_100280379003/
ＬＥ－ＣＩＥＬ ＭＫ 2階,89000,8000,97000,敷-,礼-,1LDK,42.49m2,北西,マンション,新築,千葉県船橋市飯山満町２,東葉高速鉄道/飯山満駅 歩1分 or 新京成線/高根公団駅 歩29分 or 新京成バス/飯山満駅 歩1分,https://www.google.com/maps/dir/?api=1&language=ja&origin=千葉県船橋市飯山満町２&destination=〒105-0022+東京都港区海岸１丁目７−１+東京ポートシティ竹芝オフィスタワ,https://suumo.jp/chintai/bc_100265672702/
北綾瀬 2DK 4階,90000,5000,95000,敷-,礼-,2DK,47.4m2,南,マンション,築24年,東京都足立区谷中４,東京メトロ千代田線/北綾瀬駅 歩5分 or つくばエクスプレス/六町駅 歩18分 or つくばエクスプレス/青井駅 歩25分,https://www.google.com/maps/dir/?api=1&language=ja&origin=東京都足立区谷中４&destination=〒105-0022+東京都港区海岸１丁目７−１+東京ポートシティ竹芝オフィスタワ,https://suumo.jp/chintai/bc_100281091610/
反町 1LDK 2階,90000,5000,95000,敷18万円,礼9万円,1LDK,46.2m2,南西,マンション,築31年,神奈川県横浜市神奈川区反町１,東急東横線/反町駅 歩2分 or 京急本線/神奈川駅 歩7分 or ＪＲ京浜東北線/東神奈川駅 歩9分,https://www.google.com/maps/dir/?api=1&language=ja&origin=神奈川県横浜市神奈川区反町１&destination=〒105-0022+東京都港区海岸１丁目７−１+東京ポートシティ竹芝オフィスタワ,https://suumo.jp/chintai/bc_100270341103/
クリオ新杉田駅前 2階,90000,5000,95000,敷9万円,礼9万円,2DK,45.15m2,-,マンション,築19年,神奈川県横浜市磯子区新杉田町,ＪＲ根岸線/新杉田駅 歩3分 or 京急本線/杉田駅 歩8分 or シーサイドライン/南部市場駅 歩15分,https://www.google.com/maps/dir/?api=1&language=ja&origin=神奈川県横浜市磯子区新杉田町&destination=〒105-0022+東京都港区海岸１丁目７−１+東京ポートシティ竹芝オフィスタワ,https://suumo.jp/chintai/bc_100280217266/
Rio Grande(リオグランデ） 7階,90000,5000,95000,敷-,礼9万円,1LDK,44.18m2,南,マンション,築9年,茨城県つくば市島名,つくばエクスプレス/万博記念公園駅 歩4分 or つくばエクスプレス/みどりの駅 歩49分 or つくばエクスプレス/研究学園駅 歩58分,https://www.google.com/maps/dir/?api=1&language=ja&origin=茨城県つくば市島名&destination=〒105-0022+東京都港区海岸１丁目７−１+東京ポートシティ竹芝オフィスタワ,https://suumo.jp/chintai/bc_100277670977/
Rio Grande 7階,90000,5000,95000,敷-,礼9万円,1LDK,44.18m2,南,マンション,築9年,茨城県つくば市島名諏訪,つくばエクスプレス/万博記念公園駅 歩3分,https://www.google.com/maps/dir/?api=1&language=ja&origin=茨城県つくば市島名諏訪&destination=〒105-0022+東京都港区海岸１丁目７−１+東京ポートシティ竹芝オフィスタワ,https://suumo.jp/chintai/bc_100277065770/
Ｙａｍａｔｏ海神駅前 2階,90000,5000,95000,敷9万円,礼9万円,1LDK,40m2,東,マンション,築3年,千葉県船橋市海神６,京成本線/海神駅 歩1分 or ＪＲ総武線/西船橋駅 歩19分,https://www.google.com/maps/dir/?api=1&language=ja&origin=千葉県船橋市海神６&destination=〒105-0022+東京都港区海岸１丁目７−１+東京ポートシティ竹芝オフィスタワ,https://suumo.jp/chintai/bc_100281267959/
多磨霊園 2LDK 3階,90000,6000,96000,敷18万円,礼-,2LDK,54m2,東,マンション,築25年,東京都府中市白糸台１,京王線/多磨霊園駅 歩7分 or 西武多摩川線/白糸台駅 歩5分 or 京王線/武蔵野台駅 歩10分,https://www.google.com/maps/dir/?api=1&language=ja&origin=東京都府中市白糸台１&destination=〒105-0022+東京都港区海岸１丁目７−１+東京ポートシティ竹芝オフィスタワ,https://suumo.jp/chintai/bc_100275115691/
柏たなか 1LDK 3階,90000,6000,96000,敷-,礼18万円,1LDK,52.55m2,南,アパート,築12年,千葉県柏市小青田,つくばエクスプレス/柏たなか駅 歩4分 or 東武野田線/流山おおたかの森駅 車14分(6.4km) or ＪＲ常磐線/柏駅 バス22分 (バス停)柏たなか駅前 歩4分,https://www.google.com/maps/dir/?api=1&language=ja&origin=千葉県柏市小青田&destination=〒105-0022+東京都港区海岸１丁目７−１+東京ポートシティ竹芝オフィスタワ,https://suumo.jp/chintai/bc_100279123639/
柏たなか 1LDK 3階,90000,6000,96000,敷-,礼18万円,1LDK,52.55m2,南西,アパート,築12年,千葉県柏市小青田３,つくばエクスプレス/柏たなか駅 歩4分 or つくばエクスプレス/柏の葉キャンパス駅 歩37分 or 東武野田線/江戸川台駅 歩63分,https://www.google.com/maps/dir/?api=1&language=ja&origin=千葉県柏市小青田３&destination=〒105-0022+東京都港区海岸１丁目７−１+東京ポートシティ竹芝オフィスタワ,https://suumo.jp/chintai/bc_100279149503/
南太田 2DK 6階,90000,7000,97000,敷9万円,礼9万円,2DK,43.69m2,南,マンション,築32年,神奈川県横浜市南区宮元町２,京急本線/南太田駅 歩10分 or ブルーライン/蒔田駅 歩4分 or ＪＲ京浜東北線/桜木町駅 歩35分,https://www.google.com/maps/dir/?api=1&language=ja&origin=神奈川県横浜市南区宮元町２&destination=〒105-0022+東京都港区海岸１丁目７−１+東京ポートシティ竹芝オフィスタワ,https://suumo.jp/chintai/bc_100263773792/
アレックス千葉寺 2階,90000,8000,98000,敷-,礼9万円,2LDK,57.28m2,西,マンション,築23年,千葉県千葉市中央区千葉寺町,京成千原線/千葉寺駅 歩3分 or ＪＲ総武線/千葉駅 バス11分 (バス停)千葉寺駅入口 歩3分 or ＪＲ京葉線/蘇我駅 歩20分,https://www.google.com/maps/dir/?api=1&language=ja&origin=千葉県千葉市中央区千葉寺町&destination=〒105-0022+東京都港区海岸１丁目７−１+東京ポートシティ竹芝オフィスタワ,https://suumo.jp/chintai/bc_100275181217/
グランドパレスNS-10 9階,90000,8000,98000,敷18万円,礼9万円,2LDK,50.99m2,南,マンション,築15年,茨城県つくば市みどりの１,つくばエクスプレス/みどりの駅 歩1分,https://www.google.com/maps/dir/?api=1&language=ja&origin=茨城県つくば市みどりの１&destination=〒105-0022+東京都港区海岸１丁目７−１+東京ポートシティ竹芝オフィスタワ,https://suumo.jp/chintai/bc_100105801566/
ＬＥ－ＣＩＥＬ　ＭＫ 3階,90000,8000,98000,敷-,礼-,1LDK,42.49m2,北西,マンション,新築,千葉県船橋市飯山満町２,東葉高速鉄道/飯山満駅 歩1分,https://www.google.com/maps/dir/?api=1&language=ja&origin=千葉県船橋市飯山満町２&destination=〒105-0022+東京都港区海岸１丁目７−１+東京ポートシティ竹芝オフィスタワ,https://suumo.jp/chintai/bc_100276272784/
三生ハウス 4階,90000,8000,98000,敷-,礼-,2DK,42m2,南,マンション,築27年,東京都東久留米市東本町,西武池袋線/東久留米駅 歩5分 or 西武池袋線/ひばりヶ丘駅 歩20分 or 西武池袋線/清瀬駅 歩28分,https://www.google.com/maps/dir/?api=1&language=ja&origin=東京都東久留米市東本町&destination=〒105-0022+東京都港区海岸１丁目７−１+東京ポートシティ竹芝オフィスタワ,https://suumo.jp/chintai/bc_100277783067/
塚本アパートメント 5階,90000,10000,100000,敷9万円,礼9万円,1LDK,51.72m2,南東,マンション,築33年,東京都調布市菊野台１,京王線/柴崎駅 歩3分 or 京王線/つつじヶ丘駅 歩9分 or 京王線/国領駅 歩16分,https://www.google.com/maps/dir/?api=1&language=ja&origin=東京都調布市菊野台１&destination=〒105-0022+東京都港区海岸１丁目７−１+東京ポートシティ竹芝オフィスタワ,https://suumo.jp/chintai/bc_100272757694/
キャトルセゾンＧ 2階,91000,5000,96000,敷-,礼12万円,2LDK,64.46m2,南,アパート,築7年,千葉県柏市東逆井１,東武野田線/逆井駅 歩5分 or 東武野田線/増尾駅 歩11分 or 東武野田線/新柏駅 歩28分,https://www.google.com/maps/dir/?api=1&language=ja&origin=千葉県柏市東逆井１&destination=〒105-0022+東京都港区海岸１丁目７−１+東京ポートシティ竹芝オフィスタワ,https://suumo.jp/chintai/bc_100274035861/
Ｙａｍａｔｏ海神駅前 2階,91000,5000,96000,敷9.1万円,礼9.1万円,1LDK,40.16m2,東,マンション,築3年,千葉県船橋市海神６,京成本線/海神駅 歩1分 or ＪＲ総武線/西船橋駅 歩19分,https://www.google.com/maps/dir/?api=1&language=ja&origin=千葉県船橋市海神６&destination=〒105-0022+東京都港区海岸１丁目７−１+東京ポートシティ竹芝オフィスタワ,https://suumo.jp/chintai/bc_100281267968/
ローズデール 4階,91000,8000,99000,敷9.1万円,礼9.1万円,1LDK,45m2,南東,マンション,築18年,神奈川県大和市中央林間３,東急田園都市線/中央林間駅 歩4分 or 小田急江ノ島線/南林間駅 歩21分 or 小田急江ノ島線/東林間駅 歩22分,https://www.google.com/maps/dir/?api=1&language=ja&origin=神奈川県大和市中央林間３&destination=〒105-0022+東京都港区海岸１丁目７−１+東京ポートシティ竹芝オフィスタワ,https://suumo.jp/chintai/bc_100277727617/
ＬＥ－ＣＩＥＬ　ＭＫ 3階,91000,8000,99000,敷-,礼-,1LDK,42.49m2,北西,マンション,新築,千葉県船橋市飯山満町２,東葉高速鉄道/飯山満駅 歩1分,https://www.google.com/maps/dir/?api=1&language=ja&origin=千葉県船橋市飯山満町２&destination=〒105-0022+東京都港区海岸１丁目７−１+東京ポートシティ竹芝オフィスタワ,https://suumo.jp/chintai/bc_100276272869/
ドゥ　セードル 5階,91000,9000,100000,敷-,礼9.1万円,1LDK,44.62m2,南,マンション,築12年,千葉県千葉市中央区院内１,ＪＲ総武本線/東千葉駅 歩6分 or ＪＲ総武線/千葉駅 歩10分 or 千葉都市モノレール/栄町駅 歩5分,https://www.google.com/maps/dir/?api=1&language=ja&origin=千葉県千葉市中央区院内１&destination=〒105-0022+東京都港区海岸１丁目７−１+東京ポートシティ竹芝オフィスタワ,https://suumo.jp/chintai/bc_100281843565/
南柏 2LDK 2階,92000,4000,96000,敷-,礼11.5万円,2LDK,50.51m2,南東,アパート,築7年,千葉県柏市豊町１,ＪＲ常磐線/南柏駅 歩5分 or 東武野田線/新柏駅 歩20分 or ＪＲ常磐線/柏駅 歩30分,https://www.google.com/maps/dir/?api=1&language=ja&origin=千葉県柏市豊町１&destination=〒105-0022+東京都港区海岸１丁目７−１+東京ポートシティ竹芝オフィスタワ,https://suumo.jp/chintai/bc_100213598574/
天王台 3LDK 2階,92000,4500,96500,敷-,礼9.2万円,3LDK,66.5m2,南東,マンション,築22年,千葉県我孫子市柴崎台３,ＪＲ常磐線/天王台駅 歩4分 or 東武野田線/柏駅 車14分(7.7km) or つくばエクスプレス/柏の葉キャンパス駅 車19分(10.6km),https://www.google.com/maps/dir/?api=1&language=ja&origin=千葉県我孫子市柴崎台３&destination=〒105-0022+東京都港区海岸１丁目７−１+東京ポートシティ竹芝オフィスタワ,https://suumo.jp/chintai/bc_100276384395/
ラテル 3階,92000,4500,96500,敷-,礼23万円,1LDK,44.71m2,南,アパート,築4年,千葉県千葉市中央区千葉寺町,京成千原線/千葉寺駅 歩5分 or ＪＲ京葉線/蘇我駅 歩15分 or ＪＲ内房線/本千葉駅 歩25分,https://www.google.com/maps/dir/?api=1&language=ja&origin=千葉県千葉市中央区千葉寺町&destination=〒105-0022+東京都港区海岸１丁目７−１+東京ポートシティ竹芝オフィスタワ,https://suumo.jp/chintai/bc_100278873452/
グレース　イマダ 8階,92000,6000,98000,敷-,礼-,1LDK,41.4m2,西,マンション,築16年,神奈川県厚木市旭町２,小田急小田原線/本厚木駅 歩2分 or 小田急小田原線/厚木駅 歩23分,https://www.google.com/maps/dir/?api=1&language=ja&origin=神奈川県厚木市旭町２&destination=〒105-0022+東京都港区海岸１丁目７−１+東京ポートシティ竹芝オフィスタワ,https://suumo.jp/chintai/bc_100281459994/
ビュー野火止弐番館 2階,92000,6300,98300,敷18.4万円,礼-,2SLDK,58.5m2,南西,マンション,築21年,埼玉県新座市野火止５,ＪＲ武蔵野線/新座駅 歩3分 or 東武東上線/志木駅 歩36分 or 東武東上線/朝霞台駅 歩42分,https://www.google.com/maps/dir/?api=1&language=ja&origin=埼玉県新座市野火止５&destination=〒105-0022+東京都港区海岸１丁目７−１+東京ポートシティ竹芝オフィスタワ,https://suumo.jp/chintai/bc_100281819505/
サニーウェル仲村 3階,92000,8000,100000,敷9.2万円,礼4.6万円,3LDK,74.89m2,南,マンション,築22年,千葉県八千代市村上南５,東葉高速鉄道/村上駅 歩1分 or 京成本線/勝田台駅 歩16分 or 東葉高速鉄道/東葉勝田台駅 歩16分,https://www.google.com/maps/dir/?api=1&language=ja&origin=千葉県八千代市村上南５&destination=〒105-0022+東京都港区海岸１丁目７−１+東京ポートシティ竹芝オフィスタワ,https://suumo.jp/chintai/bc_100279463719/
都筑ふれあいの丘 1LDK 4階,92000,8000,100000,敷18.4万円,礼-,1LDK,59.27m2,南東,マンション,築27年,神奈川県横浜市都筑区荏田南１,グリーンライン/都筑ふれあいの丘駅 歩2分 or ブルーライン/センター南駅 歩19分 or グリーンライン/川和町駅 歩22分,https://www.google.com/maps/dir/?api=1&language=ja&origin=神奈川県横浜市都筑区荏田南１&destination=〒105-0022+東京都港区海岸１丁目７−１+東京ポートシティ竹芝オフィスタワ,https://suumo.jp/chintai/bc_100281349042/
ナカムラビルヂング 2階,92000,8000,100000,敷7万円,礼13.8万円,2LDK,55.88m2,南西,マンション,築20年,埼玉県川口市南鳩ヶ谷３,埼玉高速鉄道/南鳩ヶ谷駅 歩4分 or 埼玉高速鉄道/鳩ヶ谷駅 歩22分 or ＪＲ京浜東北線/川口駅 歩22分,https://www.google.com/maps/dir/?api=1&language=ja&origin=埼玉県川口市南鳩ヶ谷３&destination=〒105-0022+東京都港区海岸１丁目７−１+東京ポートシティ竹芝オフィスタワ,https://suumo.jp/chintai/bc_100280288332/
ＬＥ－ＣＩＥＬ　ＭＫ 4階,92000,8000,100000,敷-,礼-,1LDK,42.49m2,北西,マンション,新築,千葉県船橋市飯山満町２,東葉高速鉄道/飯山満駅 歩1分,https://www.google.com/maps/dir/?api=1&language=ja&origin=千葉県船橋市飯山満町２&destination=〒105-0022+東京都港区海岸１丁目７−１+東京ポートシティ竹芝オフィスタワ,https://suumo.jp/chintai/bc_100276272831/
大泉学園 1LDK 3階,93000,4000,97000,敷9.3万円,礼-,1LDK,47.3m2,南,マンション,築20年,東京都練馬区東大泉６,西武池袋線/大泉学園駅 歩3分 or 西武池袋線/保谷駅 歩21分 or 西武池袋線/石神井公園駅 歩28分,https://www.google.com/maps/dir/?api=1&language=ja&origin=東京都練馬区東大泉６&destination=〒105-0022+東京都港区海岸１丁目７−１+東京ポートシティ竹芝オフィスタワ,https://suumo.jp/chintai/bc_100272160219/
グランドゥールIII 3階,93000,5000,98000,敷-,礼9.3万円,1LDK,43.71m2,南西,アパート,築14年,千葉県流山市前平井,つくばエクスプレス/流山セントラルパーク駅 歩3分 or つくばエクスプレス/南流山駅 歩28分 or つくばエクスプレス/流山おおたかの森駅 歩29分,https://www.google.com/maps/dir/?api=1&language=ja&origin=千葉県流山市前平井&destination=〒105-0022+東京都港区海岸１丁目７−１+東京ポートシティ竹芝オフィスタワ,https://suumo.jp/chintai/bc_100280064007/
ソレイユメゾン　南流山 3階,93000,6000,99000,敷9.3万円,礼9.3万円,1LDK,45.02m2,-,マンション,新築,千葉県流山市鰭ケ崎,ＪＲ武蔵野線/南流山駅 歩14分 or つくばエクスプレス/南流山駅 歩14分 or 流鉄流山線/鰭ヶ崎駅 歩5分,https://www.google.com/maps/dir/?api=1&language=ja&origin=千葉県流山市鰭ケ崎&destination=〒105-0022+東京都港区海岸１丁目７−１+東京ポートシティ竹芝オフィスタワ,https://suumo.jp/chintai/bc_100260779356/
グランドゥールIII 3階,93000,6000,99000,敷-,礼9.3万円,1LDK,43.71m2,南西,アパート,築14年,千葉県流山市前平井,つくばエクスプレス/流山セントラルパーク駅 歩3分 or つくばエクスプレス/南流山駅 歩29分 or ＪＲ武蔵野線/南流山駅 歩29分,https://www.google.com/maps/dir/?api=1&language=ja&origin=千葉県流山市前平井&destination=〒105-0022+東京都港区海岸１丁目７−１+東京ポートシティ竹芝オフィスタワ,https://suumo.jp/chintai/bc_100280012204/
Sophia　Grace 7階,93000,6000,99000,敷9.3万円,礼9.3万円,1LDK,43.71m2,南,マンション,築9年,千葉県鎌ヶ谷市新鎌ケ谷１,北総線/新鎌ケ谷駅 歩4分 or 新京成線/初富駅 歩11分 or 北総線/大町駅 歩41分,https://www.google.com/maps/dir/?api=1&language=ja&origin=千葉県鎌ヶ谷市新鎌ケ谷１&destination=〒105-0022+東京都港区海岸１丁目７−１+東京ポートシティ竹芝オフィスタワ,https://suumo.jp/chintai/bc_100281092569/
グランドールＫ南越谷駅前 2階,93000,6000,99000,敷-,礼9.3万円,1LDK,43.23m2,南,マンション,築11年,埼玉県越谷市南越谷１,東武伊勢崎線/新越谷駅 歩4分 or ＪＲ武蔵野線/南越谷駅 歩5分 or 東武伊勢崎線/蒲生駅 歩10分,https://www.google.com/maps/dir/?api=1&language=ja&origin=埼玉県越谷市南越谷１&destination=〒105-0022+東京都港区海岸１丁目７−１+東京ポートシティ竹芝オフィスタワ,https://suumo.jp/chintai/bc_100281534431/
流山セントラルパーク 1LDK 3階,93000,6000,99000,敷-,礼9.3万円,1LDK,42m2,南,アパート,築15年,千葉県流山市後平井,つくばエクスプレス/流山セントラルパーク駅 歩3分 or 流鉄流山線/流山駅 歩18分 or つくばエクスプレス/流山おおたかの森駅 歩29分,https://www.google.com/maps/dir/?api=1&language=ja&origin=千葉県流山市後平井&destination=〒105-0022+東京都港区海岸１丁目７−１+東京ポートシティ竹芝オフィスタワ,https://suumo.jp/chintai/bc_100280012000/
ビュー野火止弐番館 4階,93000,6300,99300,敷18.6万円,礼-,2SLDK,58.5m2,南西,マンション,築21年,埼玉県新座市野火止５,ＪＲ武蔵野線/新座駅 歩3分 or 東武東上線/志木駅 車6分(2.9km) or 東武東上線/和光市駅 車12分(6.0km),https://www.google.com/maps/dir/?api=1&language=ja&origin=埼玉県新座市野火止５&destination=〒105-0022+東京都港区海岸１丁目７−１+東京ポートシティ竹芝オフィスタワ,https://suumo.jp/chintai/bc_100281123784/
フェミナ綾瀬 3階,93000,7000,100000,敷9.3万円,礼18.6万円,1LDK,42.07m2,南,マンション,築18年,東京都足立区綾瀬２,東京メトロ千代田線/綾瀬駅 歩1分 or ＪＲ常磐線/綾瀬駅 歩1分,https://www.google.com/maps/dir/?api=1&language=ja&origin=東京都足立区綾瀬２&destination=〒105-0022+東京都港区海岸１丁目７−１+東京ポートシティ竹芝オフィスタワ,https://suumo.jp/chintai/bc_100275168813/
宮前平 2DK 2階,94000,3000,97000,敷9.4万円,礼9.4万円,2DK,46.62m2,南,マンション,築31年,神奈川県川崎市宮前区小台２,東急田園都市線/宮前平駅 歩4分 or 東急田園都市線/鷺沼駅 歩12分 or 東急田園都市線/宮崎台駅 歩17分,https://www.google.com/maps/dir/?api=1&language=ja&origin=神奈川県川崎市宮前区小台２&destination=〒105-0022+東京都港区海岸１丁目７−１+東京ポートシティ竹芝オフィスタワ,https://suumo.jp/chintai/bc_100281685643/
ヒルズ安藤 2階,94000,5000,99000,敷9.4万円,礼9.4万円,2DK,48.01m2,南西,マンション,築17年,神奈川県川崎市多摩区菅稲田堤１,京王相模原線/京王稲田堤駅 歩2分 or ＪＲ南武線/稲田堤駅 歩2分 or ＪＲ南武線/矢野口駅 歩19分,https://www.google.com/maps/dir/?api=1&language=ja&origin=神奈川県川崎市多摩区菅稲田堤１&destination=〒105-0022+東京都港区海岸１丁目７−１+東京ポートシティ竹芝オフィスタワ,https://suumo.jp/chintai/bc_100277595709/
西船橋 1LDK 2階,94000,5000,99000,敷-,礼9.4万円,1LDK,44.21m2,南東,アパート,築11年,千葉県船橋市西船４,ＪＲ総武線/西船橋駅 歩2分 or 京成本線/京成西船駅 歩7分 or 東京メトロ東西線/原木中山駅 歩29分,https://www.google.com/maps/dir/?api=1&language=ja&origin=千葉県船橋市西船４&destination=〒105-0022+東京都港区海岸１丁目７−１+東京ポートシティ竹芝オフィスタワ,https://suumo.jp/chintai/bc_100279677163/
昭島 1LDK 2階,94000,5000,99000,敷9.4万円,礼9.4万円,1LDK,40.68m2,西,アパート,新築,東京都昭島市昭和町５,ＪＲ青梅線/昭島駅 歩3分 or ＪＲ青梅線/中神駅 歩21分 or 西武拝島線/西武立川駅 歩30分,https://www.google.com/maps/dir/?api=1&language=ja&origin=東京都昭島市昭和町５&destination=〒105-0022+東京都港区海岸１丁目７−１+東京ポートシティ竹芝オフィスタワ,https://suumo.jp/chintai/bc_100280569250/
昭島 1LDK 2階,94000,5000,99000,敷9.4万円,礼9.4万円,1LDK,40.59m2,南東,アパート,新築,東京都昭島市昭和町５,ＪＲ青梅線/昭島駅 歩5分 or ＪＲ青梅線/中神駅 歩21分 or ＪＲ八高線/拝島駅 歩26分,https://www.google.com/maps/dir/?api=1&language=ja&origin=東京都昭島市昭和町５&destination=〒105-0022+東京都港区海岸１丁目７−１+東京ポートシティ竹芝オフィスタワ,https://suumo.jp/chintai/bc_100272657705/
ガーデンテラスアイリス 2階,94000,5000,99000,敷9.4万円,礼9.4万円,1LDK,40.31m2,東,アパート,新築,東京都昭島市昭和町５,ＪＲ青梅線/昭島駅 歩4分 or ＪＲ青梅線/中神駅 歩21分 or ＪＲ青梅線/拝島駅 歩26分,https://www.google.com/maps/dir/?api=1&language=ja&origin=東京都昭島市昭和町５&destination=〒105-0022+東京都港区海岸１丁目７−１+東京ポートシティ竹芝オフィスタワ,https://suumo.jp/chintai/bc_100272446770/
クレセント川久保 3階,94000,6000,100000,敷-,礼4.7万円,3LDK,74.14m2,-,マンション,築26年,東京都八王子市片倉町,ＪＲ横浜線/片倉駅 歩3分 or 京王高尾線/京王片倉駅 歩10分 or 京王線/北野駅 歩20分,https://www.google.com/maps/dir/?api=1&language=ja&origin=東京都八王子市片倉町&destination=〒105-0022+東京都港区海岸１丁目７−１+東京ポートシティ竹芝オフィスタワ,https://suumo.jp/chintai/bc_100282123692/
クレセント川久保 3階,94000,6000,100000,敷-,礼4.7万円,3LDK,74.14m2,南東,アパート,築26年,東京都八王子市片倉町,ＪＲ横浜線/片倉駅 歩2分 or 京王高尾線/京王片倉駅 歩8分 or ＪＲ横浜線/八王子みなみ野駅 歩20分,https://www.google.com/maps/dir/?api=1&language=ja&origin=東京都八王子市片倉町&destination=〒105-0022+東京都港区海岸１丁目７−１+東京ポートシティ竹芝オフィスタワ,https://suumo.jp/chintai/bc_100273302710/
セントラル流桜 2階,94000,6000,100000,敷9.4万円,礼-,1LDK,47.03m2,南,マンション,築16年,千葉県流山市前平井,つくばエクスプレス/流山セントラルパーク駅 歩1分 or 流鉄流山線/流山駅 歩15分 or ＪＲ武蔵野線/南流山駅 バス15分 (バス停)流山セントラルパーク駅 歩1分,https://www.google.com/maps/dir/?api=1&language=ja&origin=千葉県流山市前平井&destination=〒105-0022+東京都港区海岸１丁目７−１+東京ポートシティ竹芝オフィスタワ,https://suumo.jp/chintai/bc_100281408276/
Ｋ．Ｓ柿生 4階,94000,6000,100000,敷9.4万円,礼9.4万円,2DK,45.43m2,北西,マンション,築22年,神奈川県川崎市麻生区上麻生５,小田急線/柿生駅 歩2分 or 小田急多摩線/五月台駅 歩19分 or 小田急線/鶴川駅 歩23分,https://www.google.com/maps/dir/?api=1&language=ja&origin=神奈川県川崎市麻生区上麻生５&destination=〒105-0022+東京都港区海岸１丁目７−１+東京ポートシティ竹芝オフィスタワ,https://suumo.jp/chintai/bc_100278662568/
フェリズ土浦南　２０４号室 2階,95000,0,95000,敷9.5万円,礼9.5万円,3LDK,75.84m2,南西,マンション,築16年,茨城県土浦市荒川沖東３,ＪＲ常磐線/荒川沖駅 歩4分 or ＪＲ常磐線/ひたち野うしく駅 歩34分 or ＪＲ常磐線/土浦駅 歩90分,https://www.google.com/maps/dir/?api=1&language=ja&origin=茨城県土浦市荒川沖東３&destination=〒105-0022+東京都港区海岸１丁目７−１+東京ポートシティ竹芝オフィスタワ,https://suumo.jp/chintai/bc_100281087594/
ハイムグランデ東松山 3階,95000,0,95000,敷19万円,礼9.5万円,2SLDK,66.09m2,南,マンション,築13年,埼玉県東松山市箭弓町１,東武東上線/東松山駅 歩1分,https://www.google.com/maps/dir/?api=1&language=ja&origin=埼玉県東松山市箭弓町１&destination=〒105-0022+東京都港区海岸１丁目７−１+東京ポートシティ竹芝オフィスタワ,https://suumo.jp/chintai/bc_100273162106/
小平 2LDK 2階,95000,0,95000,敷9.5万円,礼9.5万円,2LDK,50.02m2,南,マンション,築32年,東京都小平市美園町２,西武新宿線/小平駅 歩2分 or 西武拝島線/萩山駅 歩17分 or 西武多摩湖線/青梅街道駅 歩25分,https://www.google.com/maps/dir/?api=1&language=ja&origin=東京都小平市美園町２&destination=〒105-0022+東京都港区海岸１丁目７−１+東京ポートシティ竹芝オフィスタワ,https://suumo.jp/chintai/bc_000035962411/
西千葉 1LDK 3階,95000,4000,99000,敷9.5万円,礼9.5万円,1LDK,41.93m2,北,アパート,築2年,千葉県千葉市中央区松波２,ＪＲ総武線/西千葉駅 歩5分 or ＪＲ総武線/千葉駅 歩18分 or 千葉都市モノレール/作草部駅 歩12分,https://www.google.com/maps/dir/?api=1&language=ja&origin=千葉県千葉市中央区松波２&destination=〒105-0022+東京都港区海岸１丁目７−１+東京ポートシティ竹芝オフィスタワ,https://suumo.jp/chintai/bc_100275199494/
阪東橋 2DK 5階,95000,5000,100000,敷-,礼-,2DK,56.43m2,南東,マンション,築38年,神奈川県横浜市南区高根町３,ブルーライン/阪東橋駅 歩1分 or 京急本線/黄金町駅 歩7分 or ブルーライン/吉野町駅 歩10分,https://www.google.com/maps/dir/?api=1&language=ja&origin=神奈川県横浜市南区高根町３&destination=〒105-0022+東京都港区海岸１丁目７−１+東京ポートシティ竹芝オフィスタワ,https://suumo.jp/chintai/bc_100277828276/
アメニティ東林間 2階,95000,5000,100000,敷-,礼-,2LDK,52.01m2,南東,マンション,築28年,神奈川県相模原市南区東林間５,小田急江ノ島線/東林間駅 歩3分 or 小田急小田原線/小田急相模原駅 歩18分 or 小田急線/相模大野駅 歩19分,https://www.google.com/maps/dir/?api=1&language=ja&origin=神奈川県相模原市南区東林間５&destination=〒105-0022+東京都港区海岸１丁目７−１+東京ポートシティ竹芝オフィスタワ,https://suumo.jp/chintai/bc_100280378180/
Oakwood（オークウッド） 2階,95000,5000,100000,敷9.5万円,礼9.5万円,1LDK,41.92m2,南,アパート,新築,東京都板橋区高島平５,都営三田線/西高島平駅 歩3分 or 都営三田線/新高島平駅 歩10分 or 都営三田線/高島平駅 歩19分,https://www.google.com/maps/dir/?api=1&language=ja&origin=東京都板橋区高島平５&destination=〒105-0022+東京都港区海岸１丁目７−１+東京ポートシティ竹芝オフィスタワ,https://suumo.jp/chintai/bc_100270673030/
中河原 1LDK 3階,96000,3500,99500,敷-,礼4.8万円,1LDK,40.99m2,南,アパート,築8年,東京都府中市住吉町５,京王線/中河原駅 歩4分 or 京王線/聖蹟桜ヶ丘駅 歩21分 or 京王線/分倍河原駅 歩22分,https://www.google.com/maps/dir/?api=1&language=ja&origin=東京都府中市住吉町５&destination=〒105-0022+東京都港区海岸１丁目７−１+東京ポートシティ竹芝オフィスタワ,https://suumo.jp/chintai/bc_100277962780/
コトブキヤ　メゾン　ラ　プリムール 5階,96000,4000,100000,敷-,礼9.6万円,1LDK,40.16m2,西,マンション,築13年,神奈川県横浜市港北区日吉本町３,グリーンライン/日吉本町駅 歩5分 or 東急東横線/日吉駅 歩14分 or 東急東横線/綱島駅 歩23分,https://www.google.com/maps/dir/?api=1&language=ja&origin=神奈川県横浜市港北区日吉本町３&destination=〒105-0022+東京都港区海岸１丁目７−１+東京ポートシティ竹芝オフィスタワ,https://suumo.jp/chintai/bc_100280207273/
ヴィッラホーム六番館 2階,97000,3000,100000,敷9.7万円,礼-,2LDK,58.78m2,東,アパート,築2年,千葉県松戸市串崎新田,新京成線/くぬぎ山駅 歩5分 or 北総線/大町駅 歩7分 or 新京成線/元山駅 歩23分,https://www.google.com/maps/dir/?api=1&language=ja&origin=千葉県松戸市串崎新田&destination=〒105-0022+東京都港区海岸１丁目７−１+東京ポートシティ竹芝オフィスタワ,https://suumo.jp/chintai/bc_100275897883/
小菅 1LDK 2階,97000,3000,100000,敷9.7万円,礼9.7万円,1LDK,42.85m2,南東,アパート,築2年,東京都足立区西綾瀬１,東武伊勢崎線/小菅駅 歩5分 or 東京メトロ千代田線/綾瀬駅 歩10分 or 東武伊勢崎線/五反野駅 歩12分,https://www.google.com/maps/dir/?api=1&language=ja&origin=東京都足立区西綾瀬１&destination=〒105-0022+東京都港区海岸１丁目７−１+東京ポートシティ竹芝オフィスタワ,https://suumo.jp/chintai/bc_100272628941/
山手 2LDK 3階,98000,0,98000,敷9.8万円,礼9.8万円,2LDK,48.6m2,南,マンション,築49年,神奈川県横浜市中区仲尾台,ＪＲ京浜東北線/山手駅 歩1分 or ＪＲ京浜東北線/石川町駅 歩22分 or みなとみらい線/元町・中華街駅 歩28分,https://www.google.com/maps/dir/?api=1&language=ja&origin=神奈川県横浜市中区仲尾台&destination=〒105-0022+東京都港区海岸１丁目７−１+東京ポートシティ竹芝オフィスタワ,https://suumo.jp/chintai/bc_100272643492/
西千葉 1LDK 5階,99000,0,99000,敷-,礼-,1LDK,44.12m2,南西,マンション,築14年,千葉県千葉市稲毛区弥生町,ＪＲ総武線/西千葉駅 歩1分 or ＪＲ総武線/千葉駅 歩17分 or 京成千葉線/みどり台駅 歩9分,https://www.google.com/maps/dir/?api=1&language=ja&origin=千葉県千葉市稲毛区弥生町&destination=〒105-0022+東京都港区海岸１丁目７−１+東京ポートシティ竹芝オフィスタワ,https://suumo.jp/chintai/bc_100281848546/
グリーンミユキ小山 9階,100000,0,100000,敷10万円,礼10万円,3LDK,68.2m2,南東,マンション,築15年,栃木県小山市中央町２,湘南新宿ライン宇須/小山駅 歩3分 or 東北新幹線/小山駅 歩3分 or ＪＲ宇都宮線/小山駅 歩3分,https://www.google.com/maps/dir/?api=1&language=ja&origin=栃木県小山市中央町２&destination=〒105-0022+東京都港区海岸１丁目７−１+東京ポートシティ竹芝オフィスタワ,https://suumo.jp/chintai/bc_100281727783/
マリオ・ド・ノエル 2階,100000,0,100000,敷10万円,礼10万円,1LDK,52m2,南東,アパート,築7年,東京都国分寺市東恋ヶ窪５,西武国分寺線/恋ヶ窪駅 歩3分 or ＪＲ中央線/西国分寺駅 歩19分 or ＪＲ武蔵野線/西国分寺駅 歩19分,https://www.google.com/maps/dir/?api=1&language=ja&origin=東京都国分寺市東恋ヶ窪５&destination=〒105-0022+東京都港区海岸１丁目７−１+東京ポートシティ竹芝オフィスタワ,https://suumo.jp/chintai/bc_100282246765/
